r2_mean,r2_std,mae_mean,mae_std,n_samples,target,target_label,model,n_features
0.02368700417447056,0.010522000498658517,9.901114924810617,0.4782843971114485,2499,UPDRS3_TOTAL,UPDRS-III (motor severity),Baseline (Age + Sex),2
0.32348779895503454,0.014706130034035488,8.19177874767082,0.37451012755704965,2499,UPDRS3_TOTAL,UPDRS-III (motor severity),Imaging (Biological dims),70
0.3265674937203889,0.01686162828741286,8.18090654654245,0.37177118010551197,2499,UPDRS3_TOTAL,UPDRS-III (motor severity),Combined (Age + Sex + Dims),72
0.08419121966121328,0.013699708105480662,1.9428126278512754,0.03462777663505904,2886,MOCA_TOTAL,MoCA (cognition),Baseline (Age + Sex),2
0.05987997348506737,0.010233781257660356,1.966773288076076,0.04126313534654693,2886,MOCA_TOTAL,MoCA (cognition),Imaging (Biological dims),70
0.08333401017466416,0.016000123498848294,1.942862105694666,0.03754580063171393,2886,MOCA_TOTAL,MoCA (cognition),Combined (Age + Sex + Dims),72
-0.01281708454005397,0.007375926552367246,0.6470070868085506,0.09199986421795533,2499,HOEHN_YAHR,Hoehn & Yahr (disease stage),Baseline (Age + Sex),2
0.047286126415270545,0.05264803184340682,0.5731463967979551,0.05026522628489933,2499,HOEHN_YAHR,Hoehn & Yahr (disease stage),Imaging (Biological dims),70
0.045154996675291124,0.03965545121259345,0.5713940110901041,0.048920471692053435,2499,HOEHN_YAHR,Hoehn & Yahr (disease stage),Combined (Age + Sex + Dims),72
