dimension,AGE_AT_VISIT_r,AGE_AT_VISIT_r2,AGE_AT_VISIT_p,AGE_AT_VISIT_sig,SBR_PC1_r,SBR_PC1_r2,SBR_PC1_p,SBR_PC1_sig,SBR_PC2_r,SBR_PC2_r2,SBR_PC2_p,SBR_PC2_sig,SBR_PC3_r,SBR_PC3_r2,SBR_PC3_p,SBR_PC3_sig,UPDRS1_TOTAL_r,UPDRS1_TOTAL_r2,UPDRS1_TOTAL_p,UPDRS1_TOTAL_sig,UPDRS2_TOTAL_r,UPDRS2_TOTAL_r2,UPDRS2_TOTAL_p,UPDRS2_TOTAL_sig,UPDRS3_TOTAL_r,UPDRS3_TOTAL_r2,UPDRS3_TOTAL_p,UPDRS3_TOTAL_sig,UPDRS4_TOTAL_r,UPDRS4_TOTAL_r2,UPDRS4_TOTAL_p,UPDRS4_TOTAL_sig,MOCA_TOTAL_r,MOCA_TOTAL_r2,MOCA_TOTAL_p,MOCA_TOTAL_sig,RBD_SCORE_r,RBD_SCORE_r2,RBD_SCORE_p,RBD_SCORE_sig,SEX_eta2,SEX_p,SEX_sig,HANDED_eta2,HANDED_p,HANDED_sig,Manufacturer_eta2,Manufacturer_p,Manufacturer_sig,HOEHN_YAHR_eta2,HOEHN_YAHR_p,HOEHN_YAHR_sig
latent_0,-0.0294,0.0009,0.166574,False,0.0524,0.0028,0.01344,False,0.0769,0.0059,0.000287,False,0.0428,0.0018,0.043941,False,-0.0795,0.0063,0.00209,False,-0.0939,0.0088,0.000275,False,-0.0609,0.0037,0.018474,False,-0.0193,0.0004,0.565916,False,0.0494,0.0024,0.045439,False,-0.0527,0.0028,0.083735,False,0.0063,0.000191,True,0.0032,0.029317,False,0.0319,0.0,True,0.0069,0.007628,False
latent_2,0.0538,0.0029,0.011262,False,0.2443,0.0597,0.0,True,0.0447,0.002,0.035288,False,-0.1257,0.0158,0.0,True,0.0258,0.0007,0.317942,False,-0.0084,0.0001,0.745509,False,-0.0742,0.0055,0.004112,False,0.0321,0.001,0.340096,False,-0.0403,0.0016,0.102594,False,0.0369,0.0014,0.22592,False,0.0009,0.14768,False,0.0,0.976515,False,0.0217,1.1e-05,True,0.0109,0.002882,False
latent_3,-0.2421,0.0586,0.0,True,0.0341,0.0012,0.108217,False,0.03,0.0009,0.157777,False,-0.034,0.0012,0.109366,False,-0.0506,0.0026,0.050305,False,-0.0213,0.0005,0.410395,False,-0.0163,0.0003,0.527993,False,0.0492,0.0024,0.14351,False,0.1235,0.0153,1e-06,True,-0.0885,0.0078,0.003647,False,0.0039,0.003333,False,0.0013,0.224008,False,0.0486,0.0,True,0.0063,0.007162,False
latent_5,0.1208,0.0146,0.0,True,-0.0023,0.0,0.912242,False,0.0212,0.0005,0.317222,False,-0.0211,0.0004,0.31984,False,0.0026,0.0,0.918767,False,0.0227,0.0005,0.380809,False,0.0633,0.004,0.014428,False,-0.0111,0.0001,0.740907,False,-0.0744,0.0055,0.002567,False,-0.0415,0.0017,0.17299,False,0.0011,0.111602,False,0.0001,0.867085,False,0.0634,0.0,True,0.0082,0.002972,False
latent_6,0.0734,0.0054,0.000539,False,-0.0811,0.0066,0.000131,True,0.0141,0.0002,0.505938,False,0.0346,0.0012,0.103397,False,-0.0208,0.0004,0.421042,False,0.0247,0.0006,0.340104,False,0.0431,0.0019,0.095848,False,-0.0214,0.0005,0.523714,False,-0.0863,0.0074,0.000468,False,-0.0082,0.0001,0.789188,False,0.0012,0.105334,False,0.0009,0.353598,False,0.0224,6e-06,True,0.0045,0.132209,False
latent_7,-0.0327,0.0011,0.124089,False,0.2148,0.0461,0.0,True,-0.0316,0.001,0.136901,False,0.0231,0.0005,0.277344,False,-0.0112,0.0001,0.666402,False,-0.0151,0.0002,0.560074,False,0.0284,0.0008,0.272566,False,-0.0211,0.0004,0.530506,False,0.0186,0.0003,0.450994,False,-0.0315,0.001,0.300707,False,0.0015,0.068789,False,0.0008,0.415921,False,0.0592,0.0,True,0.0022,0.503748,False
latent_8,0.1572,0.0247,0.0,True,0.0886,0.0079,2.9e-05,True,0.0654,0.0043,0.002051,False,-0.1531,0.0234,0.0,True,0.0319,0.001,0.217237,False,0.0087,0.0001,0.736883,False,-0.0633,0.004,0.014361,False,0.0898,0.0081,0.00744,False,-0.0623,0.0039,0.011587,False,0.0037,0.0,0.903518,False,0.0001,0.718304,False,0.0012,0.272054,False,0.1097,0.0,True,0.0316,0.29878,False
latent_9,-0.0893,0.008,2.5e-05,True,-0.1481,0.0219,0.0,True,0.0232,0.0005,0.27478,False,-0.0279,0.0008,0.189195,False,0.079,0.0062,0.002232,False,0.075,0.0056,0.003699,False,0.0556,0.0031,0.031734,False,0.011,0.0001,0.742857,False,0.0286,0.0008,0.246767,False,0.0323,0.001,0.289711,False,0.0014,0.079505,False,0.0042,0.009496,False,0.0373,0.0,True,0.0096,0.087583,False
latent_10,-0.1524,0.0232,0.0,True,0.1565,0.0245,0.0,True,0.0774,0.006,0.000261,False,-0.1995,0.0398,0.0,True,-0.1611,0.026,0.0,True,-0.1844,0.034,0.0,True,-0.1748,0.0306,0.0,True,-0.0181,0.0003,0.591203,False,0.0799,0.0064,0.001202,False,-0.1057,0.0112,0.00051,False,0.0483,0.0,True,0.0045,0.00688,False,0.0368,0.0,True,0.0172,1e-06,True
latent_12,0.0089,0.0001,0.675322,False,0.1766,0.0312,0.0,True,-0.0957,0.0092,6e-06,True,-0.001,0.0,0.963666,False,0.0138,0.0002,0.593405,False,-0.029,0.0008,0.261563,False,-0.0439,0.0019,0.08954,False,-0.0951,0.009,0.004604,False,-0.0224,0.0005,0.365669,False,0.0275,0.0008,0.366692,False,0.0029,0.011555,False,0.001,0.316486,False,0.0208,2.4e-05,True,0.0058,0.010982,False
latent_15,-0.0167,0.0003,0.430474,False,0.0252,0.0006,0.235736,False,-0.1231,0.0152,0.0,True,-0.0829,0.0069,9.2e-05,True,0.0261,0.0007,0.313525,False,-0.0268,0.0007,0.300973,False,0.0305,0.0009,0.238709,False,0.0379,0.0014,0.259032,False,0.008,0.0001,0.745622,False,0.0357,0.0013,0.241021,False,0.0001,0.646376,False,0.0021,0.100033,False,0.0189,0.000115,True,0.0015,0.583885,False
latent_16,0.0245,0.0006,0.248674,False,0.1724,0.0297,0.0,True,-0.0023,0.0,0.91519,False,-0.0836,0.007,7.9e-05,True,0.0263,0.0007,0.309733,False,-0.0112,0.0001,0.66435,False,-0.0213,0.0005,0.410314,False,-0.0431,0.0019,0.199275,False,-0.0133,0.0002,0.589684,False,0.037,0.0014,0.224229,False,0.0004,0.357517,False,0.0026,0.05683,False,0.0269,0.0,True,0.0049,0.036445,False
latent_17,-0.067,0.0045,0.001599,False,0.0807,0.0065,0.000139,True,-0.0935,0.0087,1e-05,True,-0.046,0.0021,0.030311,False,0.1796,0.0322,0.0,True,0.1152,0.0133,8e-06,True,0.1007,0.0101,9.7e-05,True,0.0105,0.0001,0.755439,False,-0.0744,0.0055,0.002564,False,0.1776,0.0315,0.0,True,0.0033,0.006972,False,0.0007,0.484312,False,0.028,0.0,True,0.0033,0.217593,False
latent_18,0.0435,0.0019,0.040463,False,0.1769,0.0313,0.0,True,-0.1065,0.0113,0.0,True,0.2198,0.0483,0.0,True,-0.0341,0.0012,0.187822,False,-0.0023,0.0,0.929878,False,0.0501,0.0025,0.052691,False,-0.0393,0.0015,0.242275,False,-0.0339,0.0011,0.170421,False,-0.0216,0.0005,0.478427,False,0.0023,0.023413,False,0.0019,0.126285,False,0.0476,0.0,True,0.0057,0.0089,False
latent_19,-0.0886,0.0078,2.9e-05,True,0.1552,0.0241,0.0,True,-0.0758,0.0057,0.000351,False,0.0417,0.0017,0.049239,False,-0.0719,0.0052,0.00537,False,-0.0776,0.006,0.002681,False,-0.0481,0.0023,0.063155,False,-0.1595,0.0254,2e-06,True,0.0117,0.0001,0.634511,False,-0.0885,0.0078,0.00363,False,0.0048,0.001121,False,0.0003,0.723974,False,0.0921,0.0,True,0.0133,2.7e-05,True
latent_20,0.0056,0.0,0.790282,False,0.1706,0.0291,0.0,True,0.1001,0.01,2e-06,True,-0.0576,0.0033,0.006636,False,0.0159,0.0003,0.539072,False,0.0537,0.0029,0.037877,False,0.0067,0.0,0.796208,False,0.0109,0.0001,0.745722,False,-0.0126,0.0002,0.611152,False,0.0463,0.0021,0.128659,False,0.0014,0.080304,False,0.001,0.313781,False,0.0309,0.0,True,0.0097,0.612988,False
latent_21,0.1914,0.0366,0.0,True,-0.3235,0.1046,0.0,True,0.0382,0.0015,0.0716,False,-0.0098,0.0001,0.644222,False,0.1709,0.0292,0.0,True,0.2071,0.0429,0.0,True,0.1894,0.0359,0.0,True,0.1232,0.0152,0.000234,True,-0.1436,0.0206,0.0,True,0.1524,0.0232,0.0,True,0.0063,0.000177,True,0.0003,0.678704,False,0.0501,0.0,True,0.0303,0.0,True
latent_22,0.0577,0.0033,0.006508,False,0.0395,0.0016,0.062414,False,-0.0491,0.0024,0.020692,False,-0.2275,0.0518,0.0,True,0.1504,0.0226,0.0,True,0.089,0.0079,0.000569,False,0.0845,0.0071,0.001071,False,0.1628,0.0265,1e-06,True,-0.0485,0.0024,0.049469,False,0.1007,0.0101,0.000929,False,0.0029,0.011633,False,0.0009,0.373243,False,0.0748,0.0,True,0.0153,0.0,True
latent_23,-0.0018,0.0,0.932626,False,0.0008,0.0,0.968214,False,-0.0574,0.0033,0.006785,False,-0.1672,0.028,0.0,True,-0.0123,0.0002,0.635737,False,0.0041,0.0,0.87312,False,-0.0299,0.0009,0.248085,False,-0.0273,0.0007,0.417413,False,0.0313,0.001,0.205205,False,0.0585,0.0034,0.054901,False,0.0002,0.468086,False,0.0044,0.007575,False,0.0555,0.0,True,0.0046,0.045377,False
latent_24,0.1264,0.016,0.0,True,0.1356,0.0184,0.0,True,0.0445,0.002,0.036112,False,-0.1062,0.0113,1e-06,True,0.0334,0.0011,0.196263,False,-0.0066,0.0,0.798396,False,-0.0278,0.0008,0.282619,False,0.1186,0.0141,0.000399,False,-0.062,0.0038,0.012004,False,0.028,0.0008,0.357886,False,0.0002,0.491114,False,0.0005,0.55068,False,0.0824,0.0,True,0.0326,0.030155,False
latent_25,-0.0429,0.0018,0.043494,False,-0.01,0.0001,0.636617,False,0.0543,0.0029,0.010506,False,0.1039,0.0108,1e-06,True,-0.0818,0.0067,0.001532,False,-0.0448,0.002,0.083113,False,-0.0336,0.0011,0.194884,False,0.0065,0.0,0.84752,False,-0.0033,0.0,0.892898,False,-0.0913,0.0083,0.002696,False,0.0052,0.000694,False,0.0007,0.443653,False,0.0324,0.0,True,0.0068,0.004743,False
latent_27,0.2236,0.05,0.0,True,0.0938,0.0088,9e-06,True,-0.1123,0.0126,0.0,True,0.2351,0.0553,0.0,True,0.0436,0.0019,0.091829,False,-0.0255,0.0006,0.32511,False,-0.0323,0.001,0.211746,False,-0.0506,0.0026,0.132323,False,-0.1172,0.0137,2e-06,True,0.0059,0.0,0.847492,False,0.0,0.743536,False,0.0024,0.066118,False,0.0626,0.0,True,0.0031,0.284833,False
latent_29,-0.0897,0.008,2.3e-05,True,0.0081,0.0001,0.704191,False,-0.049,0.0024,0.020832,False,0.0488,0.0024,0.021411,False,-0.0422,0.0018,0.102965,False,-0.0302,0.0009,0.242579,False,0.0569,0.0032,0.027812,False,-0.0822,0.0068,0.014329,False,-0.0064,0.0,0.796937,False,-0.0135,0.0002,0.658254,False,0.0001,0.733309,False,0.0023,0.078333,False,0.0432,0.0,True,0.0035,0.400231,False
latent_30,-0.0017,0.0,0.934918,False,0.0102,0.0001,0.631495,False,-0.1149,0.0132,0.0,True,0.042,0.0018,0.047951,False,0.0508,0.0026,0.049325,False,-0.0226,0.0005,0.382116,False,0.0104,0.0001,0.687763,False,-0.0332,0.0011,0.323029,False,-0.0515,0.0027,0.037,False,0.025,0.0006,0.412909,False,0.0004,0.335818,False,0.0017,0.156641,False,0.0178,0.000287,False,0.0027,0.352539,False
latent_34,0.0162,0.0003,0.446656,False,-0.0335,0.0011,0.114499,False,0.0528,0.0028,0.012841,False,0.0091,0.0001,0.667803,False,-0.0041,0.0,0.875588,False,0.0139,0.0002,0.590289,False,-0.0098,0.0001,0.70626,False,-0.061,0.0037,0.069464,False,-0.0382,0.0015,0.121535,False,0.0667,0.0044,0.028614,False,0.0146,0.0,True,0.0067,0.000575,False,0.0644,0.0,True,0.0043,0.853163,False
latent_35,-0.1422,0.0202,0.0,True,-0.0611,0.0037,0.003982,False,-0.0596,0.0036,0.004942,False,0.1105,0.0122,0.0,True,-0.0721,0.0052,0.005289,False,-0.0553,0.0031,0.032404,False,-0.0413,0.0017,0.110554,False,-0.0774,0.006,0.021225,False,0.0582,0.0034,0.018493,False,-0.0729,0.0053,0.016688,False,0.0016,0.056861,False,0.0027,0.051171,False,0.0454,0.0,True,0.0124,0.00061,False
latent_37,-0.09,0.0081,2.2e-05,True,0.1886,0.0356,0.0,True,-0.01,0.0001,0.638671,False,0.0583,0.0034,0.006016,False,-0.0318,0.001,0.218937,False,-0.1225,0.015,2e-06,True,-0.1149,0.0132,8e-06,True,-0.0168,0.0003,0.618297,False,0.1091,0.0119,9e-06,True,-0.0257,0.0007,0.399033,False,0.0083,1.7e-05,True,0.0007,0.479326,False,0.0203,3.5e-05,True,0.0144,1e-06,True
latent_39,0.1398,0.0195,0.0,True,-0.4128,0.1704,0.0,True,-0.1195,0.0143,0.0,True,-0.1096,0.012,0.0,True,0.1424,0.0203,0.0,True,0.1121,0.0126,1.4e-05,True,0.0236,0.0006,0.362435,False,0.2221,0.0493,0.0,True,-0.1044,0.0109,2.3e-05,True,0.1232,0.0152,5e-05,True,0.0068,0.000102,True,0.0004,0.630581,False,0.1957,0.0,True,0.0223,0.0,True
latent_40,0.097,0.0094,5e-06,True,-0.0653,0.0043,0.002077,False,-0.0788,0.0062,0.0002,True,-0.1894,0.0359,0.0,True,0.0645,0.0042,0.012628,False,0.124,0.0154,2e-06,True,0.079,0.0062,0.002249,False,0.0983,0.0097,0.003396,False,-0.0659,0.0043,0.007552,False,0.1014,0.0103,0.00086,False,0.0131,0.0,True,0.0008,0.432748,False,0.0303,0.0,True,0.0255,0.0,True
latent_41,-0.0044,0.0,0.834609,False,-0.0965,0.0093,5e-06,True,-0.0035,0.0,0.868508,False,-0.0316,0.001,0.136471,False,-0.0412,0.0017,0.110905,False,-0.0722,0.0052,0.00518,False,-0.031,0.001,0.230899,False,-0.1075,0.0116,0.00134,False,0.0078,0.0001,0.75169,False,-0.0114,0.0001,0.709134,False,0.0048,0.001023,False,0.0005,0.556771,False,0.063,0.0,True,0.001,0.724603,False
latent_44,0.1998,0.0399,0.0,True,0.0206,0.0004,0.33113,False,0.1493,0.0223,0.0,True,0.128,0.0164,0.0,True,-0.0592,0.0035,0.021959,False,-0.0277,0.0008,0.28371,False,0.0959,0.0092,0.000204,True,-0.1274,0.0162,0.000143,True,-0.0845,0.0071,0.000616,False,-0.0042,0.0,0.889829,False,0.02,0.0,True,0.0012,0.272063,False,0.0469,0.0,True,0.0201,0.010834,False
latent_45,0.129,0.0166,0.0,True,0.0223,0.0005,0.292558,False,0.0231,0.0005,0.276376,False,0.0096,0.0001,0.650409,False,0.078,0.0061,0.002549,False,0.1394,0.0194,0.0,True,0.1294,0.0168,1e-06,True,0.0326,0.0011,0.331939,False,-0.093,0.0086,0.000163,True,0.0568,0.0032,0.062206,False,0.0011,0.117668,False,0.0023,0.075066,False,0.0193,8.6e-05,True,0.0128,1.8e-05,True
latent_46,0.0674,0.0045,0.001483,False,-0.0191,0.0004,0.36736,False,0.0613,0.0038,0.003824,False,-0.1171,0.0137,0.0,True,0.0525,0.0028,0.042375,False,0.0656,0.0043,0.011097,False,0.0429,0.0018,0.09736,False,0.0955,0.0091,0.004404,False,-0.0815,0.0066,0.000954,False,0.0711,0.0051,0.019563,False,0.0033,0.00659,False,0.0005,0.602441,False,0.0373,0.0,True,0.0064,0.007109,False
latent_47,0.0423,0.0018,0.046392,False,0.0096,0.0001,0.650871,False,0.0001,0.0,0.996068,False,-0.0589,0.0035,0.005492,False,0.023,0.0005,0.373084,False,0.0482,0.0023,0.062081,False,0.029,0.0008,0.261811,False,0.0118,0.0001,0.724617,False,-0.0092,0.0001,0.709558,False,0.0306,0.0009,0.315397,False,0.0102,2e-06,True,0.0016,0.166959,False,0.0327,0.0,True,0.0019,0.808213,False
latent_48,0.161,0.0259,0.0,True,-0.2703,0.073,0.0,True,-0.0172,0.0003,0.418169,False,-0.1655,0.0274,0.0,True,0.1418,0.0201,0.0,True,0.1574,0.0248,0.0,True,0.1147,0.0131,9e-06,True,0.0877,0.0077,0.008939,False,-0.1252,0.0157,0.0,True,0.1321,0.0175,1.3e-05,True,0.0006,0.241446,False,0.0005,0.579553,False,0.0372,0.0,True,0.0192,0.0,True
latent_49,-0.0544,0.003,0.010372,False,0.0186,0.0003,0.382031,False,-0.0671,0.0045,0.001556,False,0.0031,0.0,0.885529,False,-0.0231,0.0005,0.372808,False,0.0038,0.0,0.88228,False,-0.0687,0.0047,0.007881,False,0.0337,0.0011,0.316159,False,-0.0267,0.0007,0.279555,False,0.0092,0.0001,0.763104,False,0.0003,0.444267,False,0.0014,0.212381,False,0.0416,0.0,True,0.0038,0.199595,False
latent_50,0.0341,0.0012,0.108636,False,-0.025,0.0006,0.23928,False,-0.0796,0.0063,0.000174,True,-0.2674,0.0715,0.0,True,0.1114,0.0124,1.6e-05,True,0.0545,0.003,0.035186,False,-0.0432,0.0019,0.095178,False,0.119,0.0142,0.000384,False,-0.0542,0.0029,0.028084,False,0.0971,0.0094,0.001416,False,0.0266,0.0,True,0.0011,0.289698,False,0.0187,0.00014,True,0.0088,0.000489,False
latent_51,0.0592,0.0035,0.005296,False,-0.0493,0.0024,0.020028,False,-0.0478,0.0023,0.024417,False,-0.1028,0.0106,1e-06,True,0.0378,0.0014,0.144374,False,0.0256,0.0007,0.323017,False,0.0105,0.0001,0.684309,False,0.036,0.0013,0.284773,False,-0.0999,0.01,5e-05,True,0.0742,0.0055,0.014795,False,0.0012,0.103417,False,0.0008,0.409572,False,0.0156,0.001565,False,0.0052,0.026205,False
latent_52,0.0617,0.0038,0.003634,False,0.0896,0.008,2.3e-05,True,0.0762,0.0058,0.000325,False,-0.0841,0.0071,7.3e-05,True,0.0599,0.0036,0.020551,False,0.0691,0.0048,0.007522,False,0.0312,0.001,0.227599,False,0.1105,0.0122,0.000978,False,-0.0398,0.0016,0.10743,False,0.1335,0.0178,1.1e-05,True,0.0082,1.9e-05,True,0.0005,0.57966,False,0.0473,0.0,True,0.0095,0.001416,False
latent_54,-0.1473,0.0217,0.0,True,0.1005,0.0101,2e-06,True,0.0476,0.0023,0.025008,False,0.04,0.0016,0.059215,False,-0.0397,0.0016,0.125156,False,-0.0877,0.0077,0.000682,False,-0.1086,0.0118,2.6e-05,True,0.0078,0.0001,0.816293,False,0.1041,0.0108,2.4e-05,True,0.0399,0.0016,0.190454,False,0.0,0.804584,False,0.0026,0.053052,False,0.0258,0.0,True,0.0085,0.000387,False
latent_55,0.1002,0.01,2e-06,True,-0.0709,0.005,0.000831,False,-0.0592,0.0035,0.005235,False,-0.0642,0.0041,0.002487,False,0.0496,0.0025,0.055084,False,-0.0091,0.0001,0.725588,False,-0.0143,0.0002,0.581871,False,0.0509,0.0026,0.130127,False,-0.0052,0.0,0.833366,False,0.0286,0.0008,0.349023,False,0.0043,0.001893,False,0.0012,0.26491,False,0.0219,9e-06,True,0.0039,0.278396,False
latent_58,-0.0965,0.0093,5e-06,True,-0.0123,0.0002,0.563093,False,-0.0794,0.0063,0.000179,True,-0.0613,0.0038,0.003848,False,-0.0099,0.0001,0.70228,False,-0.0113,0.0001,0.662206,False,-0.0644,0.0041,0.0128,False,-0.0033,0.0,0.920783,False,0.0769,0.0059,0.001822,False,-0.0514,0.0026,0.091547,False,0.0148,0.0,True,0.0027,0.047789,False,0.0494,0.0,True,0.0027,0.207905,False
latent_59,0.1056,0.0112,1e-06,True,-0.0495,0.0024,0.019723,False,0.0607,0.0037,0.004192,False,-0.0419,0.0018,0.048178,False,0.0552,0.003,0.032718,False,0.124,0.0154,2e-06,True,0.0828,0.0069,0.001363,False,0.0511,0.0026,0.128604,False,-0.1241,0.0154,0.0,True,0.1233,0.0152,4.9e-05,True,0.0241,0.0,True,0.0015,0.185136,False,0.0508,0.0,True,0.0076,0.003293,False
latent_60,0.0905,0.0082,2e-05,True,-0.0064,0.0,0.764306,False,-0.0364,0.0013,0.08673,False,0.0074,0.0001,0.728514,False,0.0497,0.0025,0.054515,False,0.0698,0.0049,0.006878,False,0.0379,0.0014,0.143111,False,0.0907,0.0082,0.006876,False,-0.106,0.0112,1.7e-05,True,0.1027,0.0105,0.000732,False,0.0007,0.215252,False,0.0011,0.294996,False,0.053,0.0,True,0.0107,8.9e-05,True
latent_61,0.1466,0.0215,0.0,True,-0.1049,0.011,1e-06,True,0.0257,0.0007,0.225889,False,-0.0521,0.0027,0.014057,False,0.1449,0.021,0.0,True,0.1503,0.0226,0.0,True,0.1138,0.013,1e-05,True,0.0939,0.0088,0.005132,False,-0.1295,0.0168,0.0,True,0.1479,0.0219,1e-06,True,0.0002,0.542018,False,0.0018,0.142889,False,0.0676,0.0,True,0.0222,0.0,True
latent_62,0.006,0.0,0.777393,False,-0.074,0.0055,0.000481,False,-0.0691,0.0048,0.00112,False,-0.0694,0.0048,0.001066,False,0.0219,0.0005,0.397459,False,0.0637,0.0041,0.013763,False,0.0404,0.0016,0.118979,False,0.0582,0.0034,0.083177,False,-0.002,0.0,0.936527,False,-0.0329,0.0011,0.280085,False,0.0002,0.499726,False,0.0,0.95954,False,0.0465,0.0,True,0.0069,0.003603,False
latent_63,0.142,0.0202,0.0,True,0.1686,0.0284,0.0,True,-0.1476,0.0218,0.0,True,-0.097,0.0094,5e-06,True,0.0569,0.0032,0.027642,False,0.0488,0.0024,0.059297,False,0.0633,0.004,0.014332,False,0.0225,0.0005,0.503972,False,-0.1106,0.0122,7e-06,True,0.045,0.002,0.139747,False,0.0074,4.8e-05,True,0.0005,0.590918,False,0.05,0.0,True,0.015,2.9e-05,True
latent_64,0.0104,0.0001,0.624393,False,-0.0099,0.0001,0.63949,False,0.0966,0.0093,5e-06,True,-0.0731,0.0053,0.000563,False,0.0415,0.0017,0.108315,False,0.0578,0.0033,0.025428,False,0.0322,0.001,0.213662,False,0.0169,0.0003,0.614557,False,-0.0637,0.0041,0.009851,False,0.0974,0.0095,0.001369,False,0.017,0.0,True,0.0038,0.01536,False,0.0235,2e-06,True,0.0036,0.501571,False
latent_65,0.1499,0.0225,0.0,True,0.0158,0.0003,0.455689,False,0.0345,0.0012,0.104359,False,-0.0969,0.0094,5e-06,True,0.0981,0.0096,0.000145,True,0.1021,0.0104,7.6e-05,True,0.0348,0.0012,0.178453,False,0.1198,0.0144,0.000347,False,-0.0672,0.0045,0.006479,False,0.0219,0.0005,0.472162,False,0.003,0.010242,False,0.0045,0.006638,False,0.0827,0.0,True,0.0187,5.4e-05,True
latent_66,0.1117,0.0125,0.0,True,-0.2353,0.0554,0.0,True,0.1404,0.0197,0.0,True,0.0588,0.0035,0.005579,False,0.0309,0.001,0.232363,False,0.0529,0.0028,0.04067,False,0.157,0.0246,0.0,True,-0.0275,0.0008,0.413564,False,-0.0929,0.0086,0.000165,True,0.0936,0.0088,0.002103,False,0.0012,0.099853,False,0.0004,0.628132,False,0.02,4.7e-05,True,0.0182,0.0,True
latent_67,0.0803,0.0065,0.000151,True,0.0427,0.0018,0.044426,False,0.0195,0.0004,0.357792,False,0.0305,0.0009,0.150252,False,0.0723,0.0052,0.005139,False,0.0002,0.0,0.993428,False,0.0851,0.0072,0.000996,False,-0.0069,0.0,0.837582,False,-0.0043,0.0,0.863106,False,0.1157,0.0134,0.00014,True,0.0009,0.168847,False,0.0008,0.420017,False,0.0239,1e-06,True,0.0022,0.291376,False
latent_68,0.065,0.0042,0.002185,False,0.0141,0.0002,0.506873,False,0.0169,0.0003,0.42641,False,0.0545,0.003,0.010263,False,0.0584,0.0034,0.023865,False,0.0381,0.0015,0.140627,False,0.0102,0.0001,0.692263,False,0.1135,0.0129,0.000711,False,0.0164,0.0003,0.505905,False,0.0106,0.0001,0.726985,False,0.0008,0.172505,False,0.0003,0.694864,False,0.0731,0.0,True,0.0078,0.088787,False
latent_69,-0.1462,0.0214,0.0,True,0.022,0.0005,0.300579,False,0.0027,0.0,0.9006,False,0.0498,0.0025,0.018848,False,-0.0426,0.0018,0.099221,False,-0.0083,0.0001,0.749593,False,0.0255,0.0006,0.325547,False,-0.0753,0.0057,0.024934,False,0.0284,0.0008,0.250593,False,-0.0692,0.0048,0.022981,False,0.0019,0.039349,False,0.0014,0.208684,False,0.0316,0.0,True,0.0146,0.00011,True
latent_70,-0.0182,0.0003,0.392409,False,0.0718,0.0052,0.000709,False,0.0929,0.0086,1.1e-05,True,-0.1011,0.0102,2e-06,True,0.0913,0.0083,0.000407,False,0.0895,0.008,0.00053,False,0.0612,0.0037,0.018015,False,-0.0408,0.0017,0.224903,False,-0.0195,0.0004,0.429932,False,0.0468,0.0022,0.124731,False,0.0047,0.001292,False,0.0025,0.059795,False,0.0236,2e-06,True,0.0004,0.940918,False
latent_72,-0.2769,0.0766,0.0,True,-0.0405,0.0016,0.056275,False,-0.0587,0.0034,0.005672,False,0.0144,0.0002,0.497919,False,-0.0208,0.0004,0.420607,False,0.0241,0.0006,0.351698,False,-0.0637,0.0041,0.013722,False,0.1025,0.0105,0.002244,False,0.1224,0.015,1e-06,True,-0.03,0.0009,0.324314,False,0.0355,0.0,True,0.0018,0.13496,False,0.0226,5e-06,True,0.0101,0.003552,False
latent_73,-0.0864,0.0075,4.6e-05,True,-0.1038,0.0108,1e-06,True,-0.0339,0.0012,0.110041,False,-0.0137,0.0002,0.519756,False,-0.0655,0.0043,0.011253,False,-0.0784,0.0061,0.002424,False,-0.0317,0.001,0.220496,False,-0.0686,0.0047,0.041167,False,0.07,0.0049,0.004585,False,-0.0873,0.0076,0.004143,False,0.0077,3.4e-05,True,0.001,0.328454,False,0.1012,0.0,True,0.0116,0.045918,False
latent_74,0.0079,0.0001,0.708271,False,0.1356,0.0184,0.0,True,-0.0436,0.0019,0.04005,False,-0.0687,0.0047,0.001188,False,0.0722,0.0052,0.005178,False,0.0586,0.0034,0.023401,False,0.0137,0.0002,0.595732,False,0.0254,0.0006,0.449283,False,-0.0276,0.0008,0.264452,False,0.0779,0.0061,0.010521,False,0.0016,0.060704,False,0.0018,0.128413,False,0.052,0.0,True,0.0119,0.002761,False
latent_75,-0.0638,0.0041,0.002653,False,0.1088,0.0118,0.0,True,0.0979,0.0096,4e-06,True,0.0512,0.0026,0.015887,False,0.0054,0.0,0.833791,False,0.0345,0.0012,0.182106,False,0.0281,0.0008,0.278521,False,-0.0389,0.0015,0.247438,False,0.0444,0.002,0.072434,False,-0.0354,0.0013,0.245541,False,0.0129,0.0,True,0.0001,0.877331,False,0.0402,0.0,True,0.0031,0.154832,False
latent_76,0.0379,0.0014,0.074236,False,-0.1537,0.0236,0.0,True,0.1629,0.0265,0.0,True,0.1176,0.0138,0.0,True,-0.0655,0.0043,0.011234,False,-0.0218,0.0005,0.398728,False,0.0247,0.0006,0.34098,False,-0.0995,0.0099,0.003018,False,-0.0656,0.0043,0.007897,False,0.0124,0.0002,0.684,False,0.0024,0.022023,False,0.0021,0.09203,False,0.0175,0.000375,False,0.0062,0.017673,False
latent_77,-0.089,0.0079,2.7e-05,True,-0.1012,0.0102,2e-06,True,-0.0504,0.0025,0.017497,False,0.0371,0.0014,0.080428,False,-0.0108,0.0001,0.675185,False,-0.0253,0.0006,0.328007,False,-0.048,0.0023,0.063423,False,-0.1131,0.0128,0.000742,False,0.0673,0.0045,0.006379,False,-0.0638,0.0041,0.036163,False,0.0022,0.025609,False,0.0021,0.097536,False,0.0543,0.0,True,0.0104,0.003161,False
latent_78,-0.0143,0.0002,0.501963,False,0.0101,0.0001,0.635304,False,-0.0801,0.0064,0.000158,True,0.0055,0.0,0.794086,False,-0.0556,0.0031,0.031451,False,-0.0223,0.0005,0.389364,False,-0.0187,0.0003,0.470943,False,0.0676,0.0046,0.04401,False,0.049,0.0024,0.047336,False,-0.0991,0.0098,0.001126,False,0.0021,0.031809,False,0.0022,0.092006,False,0.0178,0.00028,False,0.0074,0.004867,False
latent_79,-0.0219,0.0005,0.301514,False,-0.1579,0.0249,0.0,True,-0.05,0.0025,0.018557,False,0.1318,0.0174,0.0,True,0.0293,0.0009,0.25735,False,0.0424,0.0018,0.101479,False,0.0415,0.0017,0.108582,False,-0.0619,0.0038,0.065215,False,-0.0787,0.0062,0.001418,False,0.1084,0.0117,0.000365,False,0.0075,4.4e-05,True,0.0018,0.131411,False,0.0443,0.0,True,0.0111,0.019226,False
latent_81,-0.007,0.0,0.741132,False,0.0134,0.0002,0.527802,False,0.0556,0.0031,0.008802,False,-0.0371,0.0014,0.080374,False,-0.013,0.0002,0.614683,False,-0.0104,0.0001,0.688995,False,-0.0433,0.0019,0.093953,False,0.0022,0.0,0.948118,False,-0.0035,0.0,0.888452,False,0.0165,0.0003,0.589127,False,0.0001,0.593239,False,0.0007,0.478031,False,0.0425,0.0,True,0.0078,0.001177,False
latent_83,0.0324,0.001,0.127551,False,-0.0553,0.0031,0.009184,False,-0.164,0.0269,0.0,True,-0.0996,0.0099,3e-06,True,0.1064,0.0113,3.8e-05,True,0.107,0.0115,3.4e-05,True,0.1361,0.0185,0.0,True,0.1136,0.0129,0.000702,False,-0.0634,0.004,0.010182,False,0.0798,0.0064,0.008761,False,0.0075,4.2e-05,True,0.0013,0.223438,False,0.0222,7e-06,True,0.0092,0.001761,False
latent_85,0.0928,0.0086,1.2e-05,True,0.1109,0.0123,0.0,True,-0.0054,0.0,0.800469,False,-0.0078,0.0001,0.712345,False,-0.0034,0.0,0.89407,False,-0.0109,0.0001,0.673149,False,0.0427,0.0018,0.098978,False,0.0206,0.0004,0.539812,False,-0.0168,0.0003,0.496235,False,-0.025,0.0006,0.412901,False,0.0012,0.106895,False,0.0,0.984469,False,0.0655,0.0,True,0.0066,0.192679,False
latent_86,0.0429,0.0018,0.043447,False,-0.0483,0.0023,0.022873,False,0.0612,0.0037,0.003919,False,0.1558,0.0243,0.0,True,-0.0752,0.0057,0.003615,False,-0.0706,0.005,0.006326,False,-0.0243,0.0006,0.348228,False,-0.0288,0.0008,0.391413,False,0.0158,0.0002,0.522733,False,0.004,0.0,0.894984,False,0.0,0.911912,False,0.0017,0.156621,False,0.0382,0.0,True,0.001,0.856724,False
latent_88,-0.1858,0.0345,0.0,True,0.0584,0.0034,0.005947,False,-0.0763,0.0058,0.000319,False,0.1106,0.0122,0.0,True,-0.062,0.0038,0.016551,False,-0.0735,0.0054,0.004451,False,-0.07,0.0049,0.006785,False,-0.0482,0.0023,0.151121,False,0.0554,0.0031,0.024734,False,-0.0368,0.0014,0.227468,False,0.0042,0.002305,False,0.0003,0.734198,False,0.0243,1e-06,True,0.008,0.014188,False
latent_89,-0.0073,0.0001,0.729685,False,-0.0051,0.0,0.811736,False,0.0291,0.0008,0.17041,False,0.0053,0.0,0.80336,False,0.0514,0.0026,0.046868,False,0.0019,0.0,0.942096,False,0.024,0.0006,0.353466,False,-0.0492,0.0024,0.143565,False,0.0304,0.0009,0.218444,False,0.0478,0.0023,0.116877,False,0.0071,6.9e-05,True,0.0021,0.101265,False,0.0213,1.6e-05,True,0.0021,0.26066,False
latent_90,0.0836,0.007,8e-05,True,-0.0738,0.0054,0.000503,False,-0.0268,0.0007,0.20689,False,0.1164,0.0136,0.0,True,0.0502,0.0025,0.052172,False,0.0268,0.0007,0.300357,False,0.0652,0.0043,0.011702,False,-0.0383,0.0015,0.254165,False,-0.1126,0.0127,5e-06,True,0.1216,0.0148,6.2e-05,True,0.0015,0.070924,False,0.0018,0.133789,False,0.0633,0.0,True,0.0052,0.128821,False
latent_91,0.0947,0.009,8e-06,True,-0.0306,0.0009,0.149807,False,0.0542,0.0029,0.010656,False,-0.059,0.0035,0.005375,False,-0.0052,0.0,0.841039,False,0.0315,0.001,0.223168,False,0.0243,0.0006,0.347996,False,0.0365,0.0013,0.27728,False,0.0124,0.0002,0.616239,False,0.0146,0.0002,0.632924,False,0.0005,0.284096,False,0.0017,0.148827,False,0.012,0.021368,False,0.0034,0.09753,False
latent_92,0.2052,0.0421,0.0,True,-0.2459,0.0605,0.0,True,-0.0242,0.0006,0.254766,False,-0.1728,0.0298,0.0,True,0.1569,0.0246,0.0,True,0.1138,0.013,1e-05,True,0.1008,0.0102,9.4e-05,True,0.1285,0.0165,0.000124,True,-0.0878,0.0077,0.000372,False,0.1542,0.0238,0.0,True,0.0002,0.462924,False,0.0004,0.660475,False,0.0309,0.0,True,0.0207,0.0,True
latent_93,-0.0738,0.0054,0.000502,False,-0.0718,0.0052,0.000713,False,0.0302,0.0009,0.155354,False,0.0229,0.0005,0.281015,False,-0.043,0.0018,0.096353,False,-0.0118,0.0001,0.649702,False,-0.0437,0.0019,0.091038,False,-0.0741,0.0055,0.027427,False,-0.0008,0.0,0.973231,False,-0.0108,0.0001,0.723383,False,0.0002,0.545346,False,0.0057,0.001808,False,0.0369,0.0,True,0.0063,0.814361,False
latent_94,0.1241,0.0154,0.0,True,-0.1492,0.0223,0.0,True,0.0957,0.0092,6e-06,True,-0.1903,0.0362,0.0,True,-0.019,0.0004,0.463555,False,-0.03,0.0009,0.245469,False,-0.0309,0.001,0.232716,False,-0.0915,0.0084,0.006407,False,-0.0821,0.0067,0.000874,False,0.0147,0.0002,0.630249,False,0.0063,0.000174,True,0.0033,0.026709,False,0.0484,0.0,True,0.0013,0.69413,False
latent_95,-0.0692,0.0048,0.001105,False,-0.0443,0.002,0.036739,False,0.0645,0.0042,0.002372,False,-0.1442,0.0208,0.0,True,-0.0348,0.0012,0.178617,False,-0.0015,0.0,0.953958,False,-0.008,0.0001,0.757836,False,0.0247,0.0006,0.461893,False,0.0391,0.0015,0.113038,False,-0.0264,0.0007,0.386091,False,0.0039,0.003211,False,0.0062,0.00098,False,0.0232,3e-06,True,0.0065,0.027591,False
latent_96,-0.0562,0.0032,0.008051,False,-0.1275,0.0163,0.0,True,-0.0086,0.0001,0.686065,False,0.0849,0.0072,6.2e-05,True,-0.0316,0.001,0.222082,False,0.0028,0.0,0.913877,False,-0.0773,0.006,0.002787,False,-0.0026,0.0,0.939486,False,0.0183,0.0003,0.459038,False,0.017,0.0003,0.577035,False,0.0093,5e-06,True,0.0029,0.038678,False,0.0363,0.0,True,0.0056,0.030413,False
latent_97,-0.0228,0.0005,0.283716,False,0.0661,0.0044,0.001832,False,0.0351,0.0012,0.098281,False,0.111,0.0123,0.0,True,0.0246,0.0006,0.340988,False,0.0476,0.0023,0.065635,False,0.0058,0.0,0.823513,False,0.0437,0.0019,0.193134,False,-0.0496,0.0025,0.044717,False,0.0007,0.0,0.982693,False,0.0019,0.038528,False,0.0009,0.366781,False,0.0358,0.0,True,0.0018,0.39043,False
latent_98,-0.0203,0.0004,0.339684,False,-0.1237,0.0153,0.0,True,0.0122,0.0001,0.566566,False,0.0381,0.0015,0.072671,False,-0.0166,0.0003,0.521566,False,-0.0564,0.0032,0.029245,False,-0.011,0.0001,0.670176,False,-0.038,0.0014,0.258454,False,0.0388,0.0015,0.116244,False,-0.0549,0.003,0.071587,False,0.002,0.033011,False,0.0039,0.012732,False,0.0395,0.0,True,0.0101,0.001641,False
latent_99,-0.0452,0.002,0.033093,False,-0.19,0.0361,0.0,True,-0.2667,0.0711,0.0,True,0.1996,0.0398,0.0,True,0.0851,0.0072,0.000983,False,0.0162,0.0003,0.530566,False,0.0157,0.0002,0.545137,False,0.1629,0.0265,1e-06,True,-0.0168,0.0003,0.495968,False,0.0079,0.0001,0.795842,False,0.0122,0.0,True,0.0007,0.484047,False,0.1008,0.0,True,0.0128,0.000211,True
latent_102,0.1319,0.0174,0.0,True,-0.1057,0.0112,1e-06,True,0.0572,0.0033,0.006981,False,0.0268,0.0007,0.206377,False,0.0413,0.0017,0.110067,False,0.0723,0.0052,0.005151,False,0.0629,0.004,0.014959,False,-0.0111,0.0001,0.740937,False,-0.0474,0.0023,0.054765,False,0.0309,0.001,0.310171,False,0.0006,0.266653,False,0.0027,0.048419,False,0.0319,0.0,True,0.006,0.211952,False
latent_103,0.077,0.0059,0.000283,False,-0.0073,0.0001,0.729973,False,-0.0541,0.0029,0.010794,False,-0.008,0.0001,0.704589,False,0.0964,0.0093,0.000189,True,0.1307,0.0171,0.0,True,0.0729,0.0053,0.004806,False,0.0787,0.0062,0.019014,False,-0.0847,0.0072,0.000596,False,0.1175,0.0138,0.000111,True,0.0005,0.285571,False,0.0004,0.669253,False,0.0723,0.0,True,0.0097,0.0007,False
latent_104,-0.0966,0.0093,5e-06,True,0.1683,0.0283,0.0,True,-0.0642,0.0041,0.002473,False,0.0166,0.0003,0.433603,False,0.0271,0.0007,0.294924,False,0.013,0.0002,0.615549,False,-0.0194,0.0004,0.454036,False,-0.0842,0.0071,0.012142,False,0.026,0.0007,0.292241,False,0.0733,0.0054,0.01612,False,0.0009,0.158888,False,0.0004,0.653809,False,0.0606,0.0,True,0.0045,0.059929,False
latent_105,0.0154,0.0002,0.469293,False,-0.0022,0.0,0.916212,False,-0.0909,0.0083,1.8e-05,True,-0.0381,0.0014,0.072936,False,0.1029,0.0106,6.7e-05,True,0.1094,0.012,2.2e-05,True,0.08,0.0064,0.001976,False,0.0862,0.0074,0.010241,False,-0.0974,0.0095,7.8e-05,True,0.0857,0.0073,0.004885,False,0.0007,0.219573,False,0.0036,0.017265,False,0.0276,0.0,True,0.0183,0.0,True
latent_106,0.1159,0.0134,0.0,True,0.2034,0.0414,0.0,True,-0.0015,0.0,0.942043,False,-0.0933,0.0087,1.1e-05,True,0.0079,0.0001,0.760334,False,0.0236,0.0006,0.36254,False,0.0181,0.0003,0.484399,False,0.1112,0.0124,0.000912,False,-0.0353,0.0012,0.152491,False,0.0346,0.0012,0.256568,False,0.0035,0.005022,False,0.0006,0.537741,False,0.056,0.0,True,0.0236,0.588874,False
latent_107,-0.0102,0.0001,0.632428,False,-0.0204,0.0004,0.336082,False,0.1335,0.0178,0.0,True,0.2489,0.0619,0.0,True,-0.0111,0.0001,0.668827,False,-0.0185,0.0003,0.473834,False,-0.0045,0.0,0.862338,False,-0.0476,0.0023,0.156783,False,-0.0423,0.0018,0.08674,False,0.013,0.0002,0.670769,False,0.0017,0.051793,False,0.0013,0.245397,False,0.0449,0.0,True,0.0201,0.274952,False
latent_109,0.0334,0.0011,0.116172,False,0.1852,0.0343,0.0,True,0.0437,0.0019,0.039289,False,-0.0381,0.0014,0.072928,False,0.0553,0.0031,0.03237,False,0.0573,0.0033,0.026713,False,0.0074,0.0001,0.776451,False,0.0221,0.0005,0.511053,False,0.0521,0.0027,0.035036,False,0.0526,0.0028,0.084308,False,0.0001,0.588192,False,0.0014,0.212425,False,0.0508,0.0,True,0.0168,3.6e-05,True
latent_112,-0.0222,0.0005,0.296859,False,-0.0375,0.0014,0.077333,False,0.0661,0.0044,0.001835,False,-0.0349,0.0012,0.100502,False,-0.0624,0.0039,0.015777,False,-0.0161,0.0003,0.534064,False,-0.0563,0.0032,0.029525,False,-0.127,0.0161,0.000149,True,0.0305,0.0009,0.217422,False,-0.0163,0.0003,0.592749,False,0.0055,0.00044,False,0.0035,0.01966,False,0.0248,1e-06,True,0.0056,0.059624,False
latent_113,-0.0968,0.0094,5e-06,True,-0.0467,0.0022,0.027608,False,-0.1324,0.0175,0.0,True,-0.0619,0.0038,0.003495,False,-0.0845,0.0071,0.001066,False,-0.0238,0.0006,0.357767,False,-0.0787,0.0062,0.00233,False,0.0289,0.0008,0.389719,False,0.0401,0.0016,0.104267,False,-0.0761,0.0058,0.012474,False,0.0002,0.519601,False,0.0045,0.006311,False,0.0434,0.0,True,0.0041,0.080961,False
latent_114,0.0023,0.0,0.914423,False,-0.0794,0.0063,0.00018,True,-0.0354,0.0013,0.095285,False,0.002,0.0,0.924544,False,-0.0041,0.0,0.875012,False,-0.0224,0.0005,0.386941,False,0.001,0.0,0.968231,False,-0.0752,0.0057,0.025113,False,0.0126,0.0002,0.610576,False,-0.0463,0.0021,0.128574,False,0.0072,6.6e-05,True,0.0003,0.743339,False,0.0528,0.0,True,0.0036,0.133172,False
latent_115,-0.0501,0.0025,0.018308,False,-0.0252,0.0006,0.235855,False,0.0026,0.0,0.903161,False,-0.0622,0.0039,0.003343,False,0.0107,0.0001,0.679503,False,0.058,0.0034,0.024973,False,0.092,0.0085,0.000368,False,-0.0372,0.0014,0.268359,False,-0.024,0.0006,0.332368,False,-0.0081,0.0001,0.790456,False,0.0009,0.169278,False,0.0013,0.227359,False,0.0686,0.0,True,0.0037,0.709327,False
latent_116,0.2937,0.0862,0.0,True,0.0084,0.0001,0.694075,False,-0.2583,0.0667,0.0,True,-0.0746,0.0056,0.000437,False,0.0443,0.002,0.086462,False,0.042,0.0018,0.104283,False,0.0844,0.0071,0.001099,False,0.036,0.0013,0.28364,False,-0.1487,0.0221,0.0,True,0.0807,0.0065,0.008002,False,0.002,0.03436,False,0.0013,0.248713,False,0.0733,0.0,True,0.0089,0.023169,False
latent_118,-0.1595,0.0254,0.0,True,-0.093,0.0086,1.1e-05,True,0.3159,0.0998,0.0,True,-0.1165,0.0136,0.0,True,0.0095,0.0001,0.713869,False,-0.0275,0.0008,0.288223,False,-0.0893,0.008,0.000553,False,0.0749,0.0056,0.025702,False,0.0715,0.0051,0.003784,False,0.0147,0.0002,0.630537,False,0.0313,0.0,True,0.0022,0.088605,False,0.0369,0.0,True,0.0012,0.876687,False
latent_119,-0.0979,0.0096,4e-06,True,0.2529,0.0639,0.0,True,-0.3351,0.1123,0.0,True,-0.0987,0.0097,3e-06,True,0.0175,0.0003,0.498462,False,0.0161,0.0003,0.533841,False,-0.038,0.0014,0.142096,False,0.0195,0.0004,0.562422,False,-0.0087,0.0001,0.72433,False,0.0006,0.0,0.985327,False,0.0064,0.000165,True,0.0011,0.283772,False,0.024,1e-06,True,0.0192,0.040684,False
latent_121,0.0425,0.0018,0.045119,False,0.0443,0.002,0.036723,False,0.1599,0.0256,0.0,True,-0.0032,0.0,0.879871,False,-0.006,0.0,0.81743,False,0.0484,0.0023,0.061332,False,0.0258,0.0007,0.319122,False,0.0632,0.004,0.059813,False,0.0023,0.0,0.927415,False,0.0149,0.0002,0.625067,False,0.0008,0.178514,False,0.0001,0.878921,False,0.046,0.0,True,0.0032,0.158524,False
latent_123,-0.0414,0.0017,0.051402,False,-0.0167,0.0003,0.430277,False,-0.0036,0.0,0.863845,False,0.1304,0.017,0.0,True,-0.0662,0.0044,0.010452,False,-0.027,0.0007,0.297229,False,-0.0436,0.0019,0.091831,False,-0.0906,0.0082,0.006919,False,-0.0205,0.0004,0.406462,False,0.0046,0.0,0.881199,False,0.0091,6e-06,True,0.0034,0.023662,False,0.0346,0.0,True,0.0127,0.064816,False
latent_124,0.1093,0.0119,0.0,True,-0.0606,0.0037,0.004295,False,0.0952,0.0091,7e-06,True,-0.1413,0.02,0.0,True,0.0715,0.0051,0.005642,False,0.1324,0.0175,0.0,True,0.0985,0.0097,0.000137,True,0.1014,0.0103,0.002488,False,-0.0524,0.0028,0.03371,False,0.0885,0.0078,0.003627,False,0.0117,0.0,True,0.0007,0.438023,False,0.0162,0.000966,False,0.0127,5e-06,True
latent_126,0.1396,0.0195,0.0,True,-0.9116,0.8309,0.0,True,-0.0587,0.0034,0.005633,False,-0.0993,0.0099,3e-06,True,0.1282,0.0164,1e-06,True,0.2502,0.0626,0.0,True,0.2887,0.0833,0.0,True,0.0794,0.0063,0.017964,False,-0.1441,0.0208,0.0,True,0.1589,0.0253,0.0,True,0.0017,0.050183,False,0.0,0.949385,False,0.1257,0.0,True,0.1008,0.0,True
latent_127,0.1326,0.0176,0.0,True,0.1614,0.026,0.0,True,0.0301,0.0009,0.155682,False,-0.2128,0.0453,0.0,True,0.0225,0.0005,0.385213,False,0.0243,0.0006,0.347011,False,-0.0168,0.0003,0.516189,False,-0.0179,0.0003,0.594574,False,-0.0653,0.0043,0.008128,False,-0.0543,0.003,0.074596,False,0.0,0.835412,False,0.0005,0.579921,False,0.0281,0.0,True,0.0087,0.148003,False
latent_128,0.1254,0.0157,0.0,True,-0.005,0.0,0.813298,False,0.0233,0.0005,0.272804,False,-0.2228,0.0497,0.0,True,0.046,0.0021,0.074996,False,0.0396,0.0016,0.125861,False,0.0631,0.004,0.014684,False,0.0426,0.0018,0.204961,False,-0.0603,0.0036,0.014589,False,0.0929,0.0086,0.002263,False,0.0117,0.0,True,0.0036,0.018871,False,0.0248,1e-06,True,0.0073,0.007802,False
latent_129,-0.0553,0.0031,0.009137,False,-0.002,0.0,0.924435,False,0.0163,0.0003,0.442254,False,0.0647,0.0042,0.002274,False,-0.0466,0.0022,0.071724,False,-0.0658,0.0043,0.010893,False,-0.0237,0.0006,0.359564,False,-0.0139,0.0002,0.680389,False,0.0848,0.0072,0.000588,False,-0.0516,0.0027,0.090135,False,0.0031,0.008979,False,0.0018,0.140006,False,0.0725,0.0,True,0.0057,0.036696,False
latent_132,-0.1628,0.0265,0.0,True,0.0502,0.0025,0.01788,False,-0.0065,0.0,0.760772,False,0.0783,0.0061,0.00022,True,-0.0927,0.0086,0.000332,False,-0.0624,0.0039,0.015729,False,-0.0669,0.0045,0.009718,False,-0.0333,0.0011,0.322282,False,0.096,0.0092,9.9e-05,True,-0.0726,0.0053,0.017115,False,0.003,0.010187,False,0.0022,0.090133,False,0.0452,0.0,True,0.0098,0.007172,False
latent_133,-0.2091,0.0437,0.0,True,-0.1362,0.0185,0.0,True,0.0986,0.0097,3e-06,True,0.1904,0.0363,0.0,True,-0.0397,0.0016,0.124952,False,-0.0143,0.0002,0.580247,False,-0.0776,0.006,0.00268,False,0.081,0.0066,0.015863,False,0.0333,0.0011,0.177738,False,-0.0683,0.0047,0.02494,False,0.055,0.0,True,0.0035,0.021686,False,0.0832,0.0,True,0.0158,1.1e-05,True
latent_134,-0.0376,0.0014,0.076769,False,-0.0418,0.0017,0.049064,False,-0.1124,0.0126,0.0,True,0.1078,0.0116,0.0,True,-0.0073,0.0001,0.778153,False,-0.0622,0.0039,0.016043,False,-0.0559,0.0031,0.030818,False,-0.0746,0.0056,0.026295,False,0.0097,0.0001,0.695379,False,0.0024,0.0,0.936891,False,0.0408,0.0,True,0.0028,0.045588,False,0.1263,0.0,True,0.0302,0.000217,True
latent_135,-0.1826,0.0333,0.0,True,-0.4431,0.1964,0.0,True,-0.0048,0.0,0.819465,False,0.2079,0.0432,0.0,True,0.0066,0.0,0.797323,False,0.0418,0.0017,0.106198,False,0.0795,0.0063,0.002093,False,0.0258,0.0007,0.442115,False,0.0893,0.008,0.000294,False,0.0447,0.002,0.142703,False,0.0034,0.005757,False,0.0036,0.017529,False,0.0363,0.0,True,0.0386,8e-06,True
latent_136,-0.1522,0.0232,0.0,True,-0.0683,0.0047,0.001287,False,0.0467,0.0022,0.027893,False,0.1857,0.0345,0.0,True,-0.0025,0.0,0.923837,False,0.0329,0.0011,0.203207,False,0.0112,0.0001,0.664604,False,0.069,0.0048,0.039917,False,0.0773,0.006,0.001741,False,-0.0544,0.003,0.074297,False,0.0062,0.0002,True,0.0009,0.379106,False,0.051,0.0,True,0.0091,0.005688,False
latent_137,-0.1388,0.0193,0.0,True,0.1486,0.0221,0.0,True,0.0484,0.0023,0.022495,False,0.0292,0.0009,0.169002,False,-0.0735,0.0054,0.004469,False,-0.0379,0.0014,0.142867,False,-0.0626,0.0039,0.015598,False,-0.0173,0.0003,0.607145,False,0.0474,0.0022,0.054956,False,-0.0181,0.0003,0.553606,False,0.0002,0.462895,False,0.0012,0.251672,False,0.0515,0.0,True,0.0072,0.003742,False
latent_138,0.0508,0.0026,0.016802,False,-0.0593,0.0035,0.005212,False,0.004,0.0,0.851912,False,0.0249,0.0006,0.239883,False,-0.0089,0.0001,0.730631,False,-0.0103,0.0001,0.69167,False,0.0234,0.0005,0.365468,False,0.0064,0.0,0.849419,False,0.0028,0.0,0.909507,False,-0.021,0.0004,0.490788,False,0.004,0.002892,False,0.0029,0.041429,False,0.0353,0.0,True,0.0006,0.87578,False
latent_140,-0.1562,0.0244,0.0,True,0.0485,0.0024,0.022242,False,-0.0775,0.006,0.000256,False,0.1526,0.0233,0.0,True,-0.03,0.0009,0.246542,False,-0.0921,0.0085,0.00036,False,-0.0419,0.0018,0.105827,False,0.0107,0.0001,0.750508,False,0.112,0.0125,5e-06,True,-0.1114,0.0124,0.000246,True,0.0007,0.199615,False,0.0012,0.274451,False,0.0217,1.1e-05,True,0.0033,0.188216,False
latent_141,0.087,0.0076,4e-05,True,-0.1492,0.0223,0.0,True,-0.0545,0.003,0.010189,False,0.0746,0.0056,0.000431,False,-0.0009,0.0,0.971206,False,0.0328,0.0011,0.205166,False,-0.018,0.0003,0.487902,False,0.081,0.0066,0.015825,False,-0.0007,0.0,0.976714,False,-0.0397,0.0016,0.192291,False,0.0015,0.063756,False,0.0002,0.76757,False,0.0269,0.0,True,0.0085,0.006473,False
latent_142,-0.1357,0.0184,0.0,True,-0.0758,0.0058,0.000347,False,0.0054,0.0,0.799097,False,-0.1865,0.0348,0.0,True,0.0833,0.0069,0.001267,False,0.0831,0.0069,0.001287,False,0.0171,0.0003,0.508905,False,0.0576,0.0033,0.08631,False,0.1059,0.0112,1.7e-05,True,0.0366,0.0013,0.230349,False,0.0002,0.477513,False,0.0086,6.7e-05,True,0.0202,4e-05,True,0.0037,0.105429,False
latent_143,0.0668,0.0045,0.001652,False,0.014,0.0002,0.508302,False,-0.099,0.0098,3e-06,True,-0.1702,0.029,0.0,True,0.1562,0.0244,0.0,True,0.1323,0.0175,0.0,True,0.0821,0.0067,0.001487,False,0.1727,0.0298,0.0,True,-0.0887,0.0079,0.000322,False,0.1106,0.0122,0.000273,False,0.0003,0.424087,False,0.0003,0.748831,False,0.0265,0.0,True,0.0181,0.0,True
latent_144,0.092,0.0085,1.4e-05,True,0.0533,0.0028,0.012057,False,-0.0086,0.0001,0.685308,False,0.0843,0.0071,7e-05,True,0.0657,0.0043,0.011081,False,0.1058,0.0112,4.2e-05,True,0.1169,0.0137,6e-06,True,-0.0351,0.0012,0.296735,False,-0.0949,0.009,0.000119,True,0.0776,0.006,0.010797,False,0.0013,0.094471,False,0.0008,0.404939,False,0.087,0.0,True,0.0151,8e-05,True
latent_145,0.0885,0.0078,3e-05,True,-0.006,0.0,0.776279,False,0.0486,0.0024,0.02187,False,-0.0222,0.0005,0.296537,False,0.0379,0.0014,0.142741,False,0.0515,0.0026,0.046558,False,0.0393,0.0015,0.129108,False,0.0489,0.0024,0.145563,False,-0.0927,0.0086,0.00017,True,0.0516,0.0027,0.090374,False,0.0015,0.063817,False,0.0008,0.41438,False,0.0454,0.0,True,0.0071,0.012717,False
latent_147,-0.0483,0.0023,0.022869,False,0.0136,0.0002,0.521909,False,0.0323,0.001,0.127651,False,-0.1003,0.0101,2e-06,True,-0.0193,0.0004,0.455752,False,-0.0437,0.0019,0.091063,False,-0.0916,0.0084,0.000391,False,0.0438,0.0019,0.192544,False,0.0541,0.0029,0.02836,False,-0.0388,0.0015,0.203338,False,0.0169,0.0,True,0.002,0.106283,False,0.0322,0.0,True,0.0063,0.005818,False
latent_150,-0.0317,0.001,0.135657,False,0.0334,0.0011,0.116009,False,-0.0438,0.0019,0.038821,False,-0.0452,0.002,0.03319,False,-0.0452,0.002,0.080552,False,-0.0377,0.0014,0.144832,False,-0.0586,0.0034,0.023409,False,-0.0569,0.0032,0.090583,False,0.0012,0.0,0.962774,False,-0.0366,0.0013,0.229324,False,0.0097,3e-06,True,0.0012,0.264769,False,0.017,0.000551,False,0.0014,0.62011,False
latent_151,-0.164,0.0269,0.0,True,0.0192,0.0004,0.366351,False,-0.0603,0.0036,0.004495,False,0.1622,0.0263,0.0,True,-0.0174,0.0003,0.500924,False,-0.0568,0.0032,0.028021,False,-0.0567,0.0032,0.02838,False,-0.0138,0.0002,0.680966,False,0.0329,0.0011,0.182772,False,-0.033,0.0011,0.278955,False,0.0001,0.637702,False,0.003,0.035281,False,0.0418,0.0,True,0.0136,3.2e-05,True
latent_152,0.1562,0.0244,0.0,True,0.069,0.0048,0.001135,False,0.0201,0.0004,0.343817,False,-0.0692,0.0048,0.001101,False,0.0387,0.0015,0.134934,False,0.1173,0.0138,5e-06,True,0.0808,0.0065,0.001786,False,0.0454,0.0021,0.177068,False,-0.0378,0.0014,0.125838,False,0.0316,0.001,0.299673,False,0.0041,0.002458,False,0.0004,0.672295,False,0.0191,9.6e-05,True,0.0105,0.00142,False
latent_153,-0.0237,0.0006,0.264338,False,-0.1054,0.0111,1e-06,True,-0.0008,0.0,0.971164,False,0.034,0.0012,0.10869,False,0.0113,0.0001,0.663141,False,0.0031,0.0,0.903263,False,0.0625,0.0039,0.015757,False,-0.1016,0.0103,0.002447,False,0.0095,0.0001,0.700696,False,0.0151,0.0002,0.620737,False,0.0016,0.062125,False,0.0005,0.593097,False,0.0305,0.0,True,0.0041,0.419704,False
latent_154,0.1002,0.01,2e-06,True,0.0915,0.0084,1.6e-05,True,-0.0716,0.0051,0.000734,False,-0.0595,0.0035,0.005028,False,0.1002,0.01,0.000104,True,0.0281,0.0008,0.277745,False,0.0829,0.0069,0.001344,False,0.0697,0.0049,0.037808,False,0.054,0.0029,0.028621,False,0.1067,0.0114,0.000448,False,0.0013,0.085919,False,0.0012,0.272299,False,0.0292,0.0,True,0.0124,2.9e-05,True
latent_155,-0.1929,0.0372,0.0,True,0.0987,0.0097,3e-06,True,-0.1019,0.0104,1e-06,True,-0.3136,0.0984,0.0,True,0.0106,0.0001,0.682749,False,-0.0462,0.0021,0.073742,False,-0.1559,0.0243,0.0,True,0.0686,0.0047,0.041194,False,0.1146,0.0131,3e-06,True,-0.0621,0.0039,0.041574,False,0.0,0.753779,False,0.0027,0.051647,False,0.0624,0.0,True,0.0114,0.017225,False
latent_156,0.1933,0.0374,0.0,True,-0.2379,0.0566,0.0,True,0.0263,0.0007,0.215435,False,-0.0485,0.0024,0.022245,False,0.1317,0.0173,0.0,True,0.195,0.038,0.0,True,0.153,0.0234,0.0,True,0.0685,0.0047,0.041241,False,-0.1637,0.0268,0.0,True,0.1475,0.0218,1e-06,True,0.0035,0.005601,False,0.001,0.318627,False,0.053,0.0,True,0.0215,0.0,True
latent_157,0.1941,0.0377,0.0,True,-0.11,0.0121,0.0,True,0.0458,0.0021,0.030806,False,0.0512,0.0026,0.015779,False,0.0015,0.0,0.953114,False,0.052,0.0027,0.04453,False,0.0486,0.0024,0.060439,False,-0.0627,0.0039,0.062112,False,-0.1274,0.0162,0.0,True,0.0394,0.0016,0.196323,False,0.0058,0.000314,False,0.0045,0.006706,False,0.0425,0.0,True,0.0035,0.113857,False
latent_158,0.1826,0.0333,0.0,True,-0.0952,0.0091,7e-06,True,-0.0089,0.0001,0.673894,False,-0.2008,0.0403,0.0,True,0.1276,0.0163,1e-06,True,0.1095,0.012,2.2e-05,True,0.0817,0.0067,0.001577,False,0.0164,0.0003,0.625925,False,-0.0864,0.0075,0.000458,False,0.1149,0.0132,0.000156,True,0.0001,0.724533,False,0.0019,0.117736,False,0.0288,0.0,True,0.021,0.0,True
latent_159,-0.0961,0.0092,6e-06,True,0.0989,0.0098,3e-06,True,0.0996,0.0099,3e-06,True,-0.024,0.0006,0.259059,False,-0.0294,0.0009,0.255228,False,-0.029,0.0008,0.262633,False,-0.0551,0.003,0.033139,False,0.0346,0.0012,0.303914,False,0.053,0.0028,0.03181,False,-0.0145,0.0002,0.635415,False,0.0037,0.004356,False,0.0008,0.425945,False,0.0242,1e-06,True,0.0037,0.145555,False
latent_160,0.1408,0.0198,0.0,True,-0.1212,0.0147,0.0,True,0.0084,0.0001,0.691123,False,-0.1605,0.0258,0.0,True,0.0245,0.0006,0.34401,False,0.0371,0.0014,0.151495,False,-0.0251,0.0006,0.332327,False,-0.0538,0.0029,0.109154,False,-0.0976,0.0095,7.5e-05,True,0.0492,0.0024,0.1065,False,0.0161,0.0,True,0.0005,0.583855,False,0.0788,0.0,True,0.0064,0.008707,False
latent_161,0.1406,0.0198,0.0,True,0.1253,0.0157,0.0,True,0.0697,0.0049,0.001008,False,0.0553,0.0031,0.009088,False,0.074,0.0055,0.004185,False,0.0321,0.001,0.214893,False,0.0341,0.0012,0.187365,False,0.0286,0.0008,0.394673,False,-0.0812,0.0066,0.001005,False,0.0698,0.0049,0.021831,False,0.0001,0.67432,False,0.0013,0.232892,False,0.0305,0.0,True,0.0068,0.00867,False
latent_162,-0.1261,0.0159,0.0,True,-0.0616,0.0038,0.003697,False,0.0168,0.0003,0.428665,False,0.0926,0.0086,1.2e-05,True,-0.0324,0.0011,0.209991,False,-0.051,0.0026,0.048411,False,-0.042,0.0018,0.105033,False,-0.0778,0.006,0.020558,False,0.0231,0.0005,0.349826,False,0.017,0.0003,0.577157,False,0.0087,1.1e-05,True,0.0009,0.357338,False,0.0414,0.0,True,0.0117,0.000408,False
latent_163,0.2537,0.0644,0.0,True,-0.1285,0.0165,0.0,True,0.4383,0.1921,0.0,True,0.0272,0.0007,0.199645,False,0.0571,0.0033,0.027122,False,0.0863,0.0074,0.000835,False,0.0789,0.0062,0.002278,False,0.068,0.0046,0.043013,False,-0.133,0.0177,0.0,True,0.0875,0.0077,0.004046,False,0.0038,0.003439,False,0.0008,0.424909,False,0.0626,0.0,True,0.0087,0.000628,False
latent_166,0.0578,0.0033,0.006494,False,0.1516,0.023,0.0,True,0.0924,0.0085,1.3e-05,True,-0.0157,0.0002,0.459734,False,0.0455,0.0021,0.078634,False,0.0194,0.0004,0.454251,False,-0.0291,0.0008,0.260823,False,0.0621,0.0039,0.064413,False,-0.075,0.0056,0.002367,False,0.072,0.0052,0.018135,False,0.0007,0.228108,False,0.0033,0.025923,False,0.0149,0.002765,False,0.0059,0.031768,False
latent_167,-0.0507,0.0026,0.016982,False,-0.106,0.0112,1e-06,True,0.1026,0.0105,1e-06,True,0.0205,0.0004,0.33341,False,-0.0138,0.0002,0.594736,False,-0.0195,0.0004,0.450851,False,-0.0152,0.0002,0.556187,False,-0.0912,0.0083,0.006596,False,-0.0329,0.0011,0.182503,False,0.055,0.003,0.071237,False,0.0088,1e-05,True,0.0049,0.004058,False,0.0337,0.0,True,0.0068,0.027258,False
latent_168,0.1222,0.0149,0.0,True,0.0308,0.0009,0.146897,False,-0.0608,0.0037,0.004172,False,-0.0955,0.0091,6e-06,True,0.0981,0.0096,0.000144,True,0.1084,0.0118,2.6e-05,True,0.0983,0.0097,0.000141,True,0.0136,0.0002,0.686764,False,-0.0586,0.0034,0.017598,False,0.0977,0.0096,0.001314,False,0.0,0.934005,False,0.003,0.036874,False,0.0244,1e-06,True,0.014,1e-06,True
latent_169,-0.0991,0.0098,3e-06,True,-0.1105,0.0122,0.0,True,-0.0103,0.0001,0.629037,False,0.129,0.0166,0.0,True,-0.0061,0.0,0.813506,False,-0.0216,0.0005,0.404696,False,-0.0242,0.0006,0.350396,False,-0.0262,0.0007,0.435552,False,0.0356,0.0013,0.149931,False,0.0083,0.0001,0.785212,False,0.0026,0.0165,False,0.0017,0.145262,False,0.0255,0.0,True,0.0142,0.000435,False
latent_170,-0.1459,0.0213,0.0,True,-0.0064,0.0,0.763084,False,-0.0555,0.0031,0.008919,False,0.0579,0.0034,0.006345,False,-0.0972,0.0094,0.000166,True,-0.1177,0.0139,5e-06,True,-0.1311,0.0172,0.0,True,-0.0971,0.0094,0.003782,False,0.0416,0.0017,0.09215,False,-0.0995,0.0099,0.001077,False,0.0128,0.0,True,0.0002,0.824829,False,0.0558,0.0,True,0.0121,4e-06,True
latent_171,-0.0406,0.0016,0.055785,False,0.0096,0.0001,0.651146,False,-0.0358,0.0013,0.091458,False,0.1023,0.0105,1e-06,True,0.0076,0.0001,0.768862,False,-0.014,0.0002,0.588625,False,0.0327,0.0011,0.206963,False,0.0293,0.0009,0.382736,False,0.0445,0.002,0.071604,False,-0.0467,0.0022,0.125404,False,0.001,0.127147,False,0.0004,0.622762,False,0.0513,0.0,True,0.0052,0.058405,False
latent_172,-0.0736,0.0054,0.000519,False,0.1381,0.0191,0.0,True,0.0109,0.0001,0.606544,False,-0.0326,0.0011,0.12428,False,-0.0252,0.0006,0.329442,False,-0.0879,0.0077,0.000664,False,-0.067,0.0045,0.009624,False,-0.0659,0.0043,0.049741,False,0.0871,0.0076,0.00041,False,-0.0283,0.0008,0.352745,False,0.0,0.826852,False,0.0025,0.060421,False,0.0556,0.0,True,0.0087,0.000762,False
latent_173,-0.0824,0.0068,0.000103,True,0.0625,0.0039,0.00321,False,0.024,0.0006,0.257401,False,-0.0209,0.0004,0.324776,False,-0.0232,0.0005,0.370614,False,-0.0866,0.0075,0.000796,False,-0.1146,0.0131,9e-06,True,-0.1209,0.0146,0.000306,False,0.0619,0.0038,0.012207,False,-0.0921,0.0085,0.002484,False,0.0001,0.621051,False,0.0005,0.594839,False,0.0293,0.0,True,0.0184,0.0,True
latent_174,0.1087,0.0118,0.0,True,0.121,0.0146,0.0,True,0.0353,0.0012,0.096209,False,-0.0125,0.0002,0.556737,False,-0.0024,0.0,0.926735,False,0.0146,0.0002,0.573333,False,-0.0148,0.0002,0.566547,False,-0.0248,0.0006,0.459916,False,0.0118,0.0001,0.631961,False,0.0018,0.0,0.954129,False,0.0019,0.039484,False,0.0,0.990783,False,0.017,0.000523,False,0.0084,0.003649,False
latent_175,-0.2263,0.0512,0.0,True,-0.1654,0.0273,0.0,True,-0.0091,0.0001,0.667143,False,0.1667,0.0278,0.0,True,-0.1316,0.0173,0.0,True,-0.1274,0.0162,1e-06,True,-0.0699,0.0049,0.006835,False,-0.0779,0.0061,0.020375,False,0.1075,0.0116,1.3e-05,True,-0.1288,0.0166,2.2e-05,True,0.0014,0.073473,False,0.0016,0.169926,False,0.0461,0.0,True,0.0248,0.0,True
latent_176,0.0114,0.0001,0.58993,False,-0.0549,0.003,0.009648,False,0.0063,0.0,0.766324,False,-0.0732,0.0054,0.000555,False,-0.0115,0.0001,0.656773,False,0.0063,0.0,0.80866,False,-0.0215,0.0005,0.407053,False,0.0822,0.0068,0.014357,False,-0.0528,0.0028,0.032368,False,-0.031,0.001,0.309478,False,0.0045,0.001624,False,0.0004,0.641166,False,0.0283,0.0,True,0.0033,0.525545,False
latent_179,0.1646,0.0271,0.0,True,0.2562,0.0657,0.0,True,-0.1284,0.0165,0.0,True,-0.1941,0.0377,0.0,True,0.0417,0.0017,0.106896,False,0.0701,0.0049,0.006679,False,-0.0348,0.0012,0.179013,False,0.1508,0.0228,6e-06,True,-0.0351,0.0012,0.155422,False,0.0219,0.0005,0.472106,False,0.0028,0.012029,False,0.0003,0.727865,False,0.0829,0.0,True,0.0283,0.011192,False
latent_180,-0.1422,0.0202,0.0,True,0.0901,0.0081,2.1e-05,True,0.0867,0.0075,4.3e-05,True,-0.0743,0.0055,0.000456,False,-0.0937,0.0088,0.000283,False,-0.0742,0.0055,0.004092,False,-0.1893,0.0358,0.0,True,-0.0144,0.0002,0.668351,False,0.1115,0.0124,6e-06,True,-0.0226,0.0005,0.45821,False,0.0064,0.000161,True,0.0029,0.040113,False,0.0338,0.0,True,0.0204,0.0,True
latent_181,0.11,0.0121,0.0,True,-0.0111,0.0001,0.601134,False,-0.0661,0.0044,0.001822,False,-0.0063,0.0,0.768253,False,-0.0241,0.0006,0.351851,False,-0.058,0.0034,0.024918,False,-0.0192,0.0004,0.459177,False,0.0905,0.0082,0.007001,False,-0.0417,0.0017,0.09176,False,-0.0506,0.0026,0.096502,False,0.0018,0.043837,False,0.0033,0.025331,False,0.0418,0.0,True,0.0006,0.908972,False
latent_183,-0.0328,0.0011,0.122319,False,0.1072,0.0115,0.0,True,-0.0785,0.0062,0.000215,True,-0.0005,0.0,0.982708,False,-0.0583,0.0034,0.024228,False,-0.1044,0.0109,5.2e-05,True,-0.1096,0.012,2.2e-05,True,-0.1117,0.0125,0.000861,False,0.0597,0.0036,0.01563,False,-0.0798,0.0064,0.008784,False,0.0126,0.0,True,0.0003,0.75445,False,0.0384,0.0,True,0.0087,0.00094,False
latent_184,-0.0789,0.0062,0.000198,True,0.07,0.0049,0.000963,False,-0.0352,0.0012,0.096978,False,0.1598,0.0255,0.0,True,0.0171,0.0003,0.508508,False,-0.0624,0.0039,0.015701,False,-0.0478,0.0023,0.064894,False,-0.0234,0.0005,0.485705,False,0.0446,0.002,0.070814,False,0.0054,0.0,0.858774,False,0.0154,0.0,True,0.0008,0.414412,False,0.016,0.001119,False,0.0118,1.4e-05,True
latent_185,-0.1513,0.0229,0.0,True,0.0165,0.0003,0.436631,False,-0.0114,0.0001,0.592242,False,-0.0728,0.0053,0.000598,False,0.0067,0.0,0.795282,False,0.0272,0.0007,0.292455,False,-0.0642,0.0041,0.01306,False,0.0024,0.0,0.942058,False,0.0693,0.0048,0.004972,False,-0.0465,0.0022,0.126946,False,0.025,0.0,True,0.001,0.315847,False,0.0211,1.9e-05,True,0.0052,0.185927,False
latent_186,-0.1126,0.0127,0.0,True,0.0602,0.0036,0.004512,False,-0.0622,0.0039,0.003359,False,0.0029,0.0,0.889809,False,-0.048,0.0023,0.063287,False,-0.0214,0.0005,0.407758,False,-0.0177,0.0003,0.495387,False,-0.0654,0.0043,0.051396,False,0.0301,0.0009,0.222421,False,-0.0299,0.0009,0.326474,False,0.0,0.844341,False,0.0002,0.81289,False,0.0641,0.0,True,0.0049,0.036832,False
latent_187,0.0493,0.0024,0.020115,False,0.0551,0.003,0.009364,False,-0.1455,0.0212,0.0,True,-0.2081,0.0433,0.0,True,0.0591,0.0035,0.022293,False,0.0584,0.0034,0.02381,False,0.0304,0.0009,0.239606,False,0.0238,0.0006,0.478931,False,0.0143,0.0002,0.563,False,-0.033,0.0011,0.278919,False,0.0059,0.000303,False,0.0001,0.941071,False,0.0389,0.0,True,0.0018,0.384683,False
latent_189,0.022,0.0005,0.301175,False,-0.0073,0.0001,0.729846,False,0.0753,0.0057,0.000381,False,0.0216,0.0005,0.309716,False,-0.0127,0.0002,0.62356,False,-0.0547,0.003,0.034466,False,0.005,0.0,0.847926,False,-0.0507,0.0026,0.131255,False,-0.0195,0.0004,0.429468,False,-0.0406,0.0016,0.182714,False,0.0021,0.032258,False,0.0007,0.436851,False,0.0584,0.0,True,0.0054,0.075373,False
latent_190,0.136,0.0185,0.0,True,-0.0796,0.0063,0.000174,True,0.0061,0.0,0.772931,False,-0.2235,0.05,0.0,True,0.0753,0.0057,0.003574,False,0.0731,0.0053,0.004687,False,0.061,0.0037,0.018332,False,0.1149,0.0132,0.000607,False,-0.0906,0.0082,0.000238,True,0.1004,0.0101,0.000968,False,0.0039,0.003205,False,0.0004,0.664362,False,0.0413,0.0,True,0.0132,4e-06,True
latent_192,0.0067,0.0,0.752958,False,0.037,0.0014,0.081488,False,-0.0407,0.0017,0.055026,False,-0.0109,0.0001,0.606292,False,0.012,0.0001,0.643661,False,-0.0049,0.0,0.848853,False,0.0263,0.0007,0.309419,False,0.0114,0.0001,0.734331,False,-0.0009,0.0,0.969408,False,-0.0018,0.0,0.953082,False,0.0007,0.205441,False,0.0009,0.349734,False,0.0414,0.0,True,0.0011,0.78697,False
latent_193,0.0019,0.0,0.928672,False,-0.1057,0.0112,1e-06,True,0.0535,0.0029,0.011666,False,0.0468,0.0022,0.027292,False,-0.0175,0.0003,0.498514,False,-0.0206,0.0004,0.426809,False,0.0029,0.0,0.91182,False,-0.165,0.0272,1e-06,True,-0.1169,0.0137,2e-06,True,-0.0121,0.0001,0.692591,False,0.0001,0.622871,False,0.002,0.112108,False,0.062,0.0,True,0.0116,0.991054,False
latent_195,0.058,0.0034,0.00628,False,0.0706,0.005,0.000876,False,0.0622,0.0039,0.003355,False,0.0465,0.0022,0.028346,False,0.032,0.001,0.215415,False,0.0451,0.002,0.081109,False,0.0667,0.0045,0.009893,False,-0.0591,0.0035,0.078385,False,-0.0092,0.0001,0.709448,False,0.0132,0.0002,0.665912,False,0.0,0.953976,False,0.0011,0.28806,False,0.0435,0.0,True,0.0059,0.007562,False
latent_196,0.0125,0.0002,0.555785,False,0.0604,0.0037,0.004377,False,0.1091,0.0119,0.0,True,0.1442,0.0208,0.0,True,-0.0267,0.0007,0.302216,False,-0.0243,0.0006,0.347484,False,-0.0051,0.0,0.844918,False,-0.1088,0.0118,0.001168,False,0.0097,0.0001,0.694763,False,-0.0294,0.0009,0.334244,False,0.0117,0.0,True,0.0003,0.686418,False,0.0339,0.0,True,0.0073,0.035661,False
latent_197,0.0963,0.0093,5e-06,True,0.0413,0.0017,0.051463,False,0.003,0.0,0.887405,False,0.0037,0.0,0.860317,False,0.0263,0.0007,0.309261,False,0.0737,0.0054,0.004339,False,0.129,0.0167,1e-06,True,-0.0202,0.0004,0.547954,False,-0.0973,0.0095,7.9e-05,True,0.1324,0.0175,1.3e-05,True,0.0056,0.000402,False,0.0014,0.213296,False,0.0374,0.0,True,0.0071,0.003306,False
latent_198,-0.0058,0.0,0.783355,False,0.1001,0.01,2e-06,True,0.1294,0.0168,0.0,True,0.068,0.0046,0.001345,False,-0.0059,0.0,0.819133,False,-0.0171,0.0003,0.509908,False,0.0295,0.0009,0.253864,False,-0.063,0.004,0.060863,False,-0.0315,0.001,0.201976,False,-0.0292,0.0008,0.33896,False,0.0005,0.286792,False,0.0036,0.019101,False,0.0323,0.0,True,0.005,0.019436,False
latent_199,0.0766,0.0059,0.000302,False,-0.0133,0.0002,0.529572,False,0.061,0.0037,0.004022,False,-0.0927,0.0086,1.2e-05,True,0.0435,0.0019,0.09245,False,0.0778,0.0061,0.002604,False,0.1147,0.0131,9e-06,True,0.1172,0.0137,0.00047,False,0.0312,0.001,0.207012,False,0.1375,0.0189,6e-06,True,0.0001,0.610777,False,0.0007,0.440942,False,0.0194,7.5e-05,True,0.0158,0.0,True
latent_200,-0.0469,0.0022,0.027058,False,-0.0833,0.0069,8.5e-05,True,0.0542,0.0029,0.010629,False,0.0209,0.0004,0.324939,False,0.0047,0.0,0.856276,False,-0.0491,0.0024,0.057406,False,-0.0697,0.0049,0.007042,False,0.0743,0.0055,0.026999,False,0.0342,0.0012,0.166591,False,-0.0052,0.0,0.86562,False,0.0001,0.689871,False,0.0005,0.567203,False,0.0274,0.0,True,0.0032,0.190825,False
latent_202,-0.1554,0.0241,0.0,True,0.1167,0.0136,0.0,True,0.0596,0.0036,0.004941,False,-0.0902,0.0081,2.1e-05,True,-0.0504,0.0025,0.05138,False,-0.0273,0.0007,0.290727,False,-0.0084,0.0001,0.746218,False,-0.0929,0.0086,0.005642,False,-0.0077,0.0001,0.756287,False,-0.0003,0.0,0.992918,False,0.0002,0.532149,False,0.0035,0.021327,False,0.0309,0.0,True,0.0018,0.473529,False
latent_204,-0.0876,0.0077,3.6e-05,True,0.035,0.0012,0.099595,False,-0.0413,0.0017,0.0514,False,-0.0691,0.0048,0.001125,False,-0.034,0.0012,0.188889,False,-0.071,0.005,0.006042,False,-0.109,0.0119,2.4e-05,True,-0.0486,0.0024,0.1478,False,0.0664,0.0044,0.007125,False,-0.031,0.001,0.308964,False,0.0003,0.442704,False,0.0014,0.217399,False,0.0377,0.0,True,0.0135,7e-06,True
latent_205,-0.1103,0.0122,0.0,True,0.4103,0.1684,0.0,True,-0.1136,0.0129,0.0,True,0.046,0.0021,0.030056,False,-0.0549,0.003,0.033698,False,-0.0732,0.0054,0.00462,False,-0.0599,0.0036,0.020495,False,-0.0419,0.0018,0.2129,False,0.0411,0.0017,0.096547,False,-0.0106,0.0001,0.727613,False,0.0004,0.369048,False,0.0017,0.154909,False,0.0279,0.0,True,0.0229,1e-06,True
latent_207,0.0166,0.0003,0.433232,False,0.0576,0.0033,0.006661,False,-0.0408,0.0017,0.054431,False,0.0168,0.0003,0.43011,False,-0.0528,0.0028,0.041103,False,-0.0332,0.0011,0.198959,False,-0.0416,0.0017,0.108394,False,-0.0197,0.0004,0.557887,False,-0.0236,0.0006,0.339402,False,-0.0538,0.0029,0.077458,False,0.0002,0.50711,False,0.0033,0.024149,False,0.0434,0.0,True,0.0084,0.075029,False
latent_208,-0.1741,0.0303,0.0,True,-0.0229,0.0005,0.281045,False,0.0539,0.0029,0.01113,False,0.0218,0.0005,0.304065,False,-0.1032,0.0106,6.4e-05,True,-0.0925,0.0086,0.000339,False,-0.1027,0.0106,6.9e-05,True,-0.0767,0.0059,0.02229,False,0.1138,0.0129,4e-06,True,-0.0658,0.0043,0.03072,False,0.0049,0.000953,False,0.0001,0.929607,False,0.0336,0.0,True,0.0174,1e-06,True
latent_209,0.061,0.0037,0.00407,False,-0.1086,0.0118,0.0,True,-0.0436,0.0019,0.039772,False,-0.1762,0.031,0.0,True,0.053,0.0028,0.040231,False,-0.004,0.0,0.877459,False,0.0195,0.0004,0.45229,False,0.0049,0.0,0.884342,False,-0.0215,0.0005,0.384911,False,-0.0896,0.008,0.003228,False,0.008,2.3e-05,True,0.0002,0.804677,False,0.0626,0.0,True,0.0075,0.006389,False
latent_210,-0.0834,0.007,8.4e-05,True,0.0892,0.0079,2.6e-05,True,0.0269,0.0007,0.204711,False,-0.0336,0.0011,0.11393,False,-0.0924,0.0085,0.000346,False,-0.1058,0.0112,4.1e-05,True,-0.0904,0.0082,0.000471,False,-0.0175,0.0003,0.602832,False,0.0762,0.0058,0.002018,False,-0.0547,0.003,0.072436,False,0.0027,0.014215,False,0.0005,0.58442,False,0.0137,0.006364,False,0.012,5e-05,True
latent_211,0.0863,0.0075,4.7e-05,True,0.0769,0.0059,0.000288,False,-0.0424,0.0018,0.045578,False,-0.0482,0.0023,0.023127,False,0.0456,0.0021,0.077702,False,0.0065,0.0,0.802302,False,0.0066,0.0,0.798773,False,0.0048,0.0,0.887432,False,0.0076,0.0001,0.757806,False,-0.0454,0.0021,0.136654,False,0.0,0.897502,False,0.0014,0.219083,False,0.0402,0.0,True,0.0077,0.460889,False
latent_212,-0.136,0.0185,0.0,True,-0.0083,0.0001,0.695331,False,0.123,0.0151,0.0,True,0.2342,0.0549,0.0,True,-0.1615,0.0261,0.0,True,-0.1373,0.0188,0.0,True,-0.0895,0.008,0.000536,False,-0.0655,0.0043,0.051032,False,0.1013,0.0103,4e-05,True,-0.1621,0.0263,0.0,True,0.0121,0.0,True,0.0004,0.61091,False,0.0616,0.0,True,0.0139,0.000233,True
latent_213,-0.0845,0.0071,6.7e-05,True,-0.0521,0.0027,0.01409,False,0.2338,0.0546,0.0,True,-0.2293,0.0526,0.0,True,-0.0851,0.0072,0.00099,False,0.0054,0.0,0.834126,False,-0.0173,0.0003,0.503001,False,-0.1619,0.0262,1e-06,True,0.0475,0.0023,0.054672,False,0.0431,0.0019,0.157491,False,0.0011,0.114667,False,0.0002,0.789745,False,0.1751,0.0,True,0.0091,0.020619,False
latent_214,-0.0739,0.0055,0.000495,False,-0.0356,0.0013,0.09316,False,0.0382,0.0015,0.071657,False,0.0126,0.0002,0.551359,False,-0.1346,0.0181,0.0,True,-0.0853,0.0073,0.000961,False,-0.0809,0.0065,0.001755,False,-0.0695,0.0048,0.038547,False,0.0081,0.0001,0.743629,False,-0.0486,0.0024,0.110719,False,0.0005,0.315203,False,0.0017,0.153826,False,0.0304,0.0,True,0.0089,0.000665,False
latent_215,0.0235,0.0006,0.268236,False,0.1228,0.0151,0.0,True,-0.0535,0.0029,0.011603,False,-0.0747,0.0056,0.000425,False,-0.0215,0.0005,0.406668,False,-0.077,0.0059,0.002895,False,-0.0225,0.0005,0.384856,False,-0.0397,0.0016,0.237546,False,0.0646,0.0042,0.008855,False,-0.0123,0.0002,0.686053,False,0.0003,0.40783,False,0.0001,0.931991,False,0.0319,0.0,True,0.0036,0.087478,False
latent_216,-0.1396,0.0195,0.0,True,0.1487,0.0221,0.0,True,-0.037,0.0014,0.081496,False,0.2816,0.0793,0.0,True,-0.1047,0.011,4.9e-05,True,-0.089,0.0079,0.000567,False,-0.0827,0.0068,0.001369,False,-0.0589,0.0035,0.07941,False,0.0449,0.002,0.069118,False,-0.1191,0.0142,8.8e-05,True,0.0077,3.2e-05,True,0.0001,0.936259,False,0.0151,0.002336,False,0.0151,1e-06,True
latent_217,0.1581,0.025,0.0,True,-0.0514,0.0026,0.015327,False,-0.0026,0.0,0.901335,False,0.0216,0.0005,0.308066,False,-0.0071,0.0,0.784838,False,0.0171,0.0003,0.508173,False,0.0023,0.0,0.928162,False,-0.0138,0.0002,0.681869,False,-0.1346,0.0181,0.0,True,0.0058,0.0,0.847924,False,0.0016,0.063392,False,0.0006,0.535072,False,0.0194,7.3e-05,True,0.0028,0.205391,False
latent_219,-0.0571,0.0033,0.007109,False,0.093,0.0086,1.1e-05,True,-0.044,0.0019,0.037969,False,0.0172,0.0003,0.418255,False,-0.0585,0.0034,0.023729,False,-0.108,0.0117,2.9e-05,True,-0.0665,0.0044,0.01016,False,-0.0473,0.0022,0.159187,False,0.0996,0.0099,5.3e-05,True,-0.1102,0.0122,0.000288,False,0.0008,0.185052,False,0.0028,0.044657,False,0.0812,0.0,True,0.009,0.000479,False
latent_220,0.0589,0.0035,0.005535,False,-0.0463,0.0021,0.029123,False,0.0284,0.0008,0.180333,False,0.0008,0.0,0.969583,False,-0.0365,0.0013,0.157741,False,-0.0498,0.0025,0.054202,False,-0.03,0.0009,0.246807,False,-0.0675,0.0046,0.04439,False,-0.0349,0.0012,0.157204,False,0.082,0.0067,0.00705,False,0.0,0.745333,False,0.0074,0.00025,True,0.0664,0.0,True,0.0013,0.598705,False
latent_222,-0.0138,0.0002,0.516453,False,-0.0581,0.0034,0.006124,False,-0.1953,0.0381,0.0,True,-0.1102,0.0122,0.0,True,0.106,0.0112,4e-05,True,0.0699,0.0049,0.006876,False,0.1161,0.0135,7e-06,True,0.0331,0.0011,0.325343,False,-0.0488,0.0024,0.04805,False,0.039,0.0015,0.201165,False,0.0065,0.000144,True,0.0014,0.214974,False,0.0657,0.0,True,0.009,0.001323,False
latent_223,-0.0048,0.0,0.819654,False,0.1016,0.0103,2e-06,True,0.0549,0.003,0.009682,False,-0.0917,0.0084,1.5e-05,True,0.0417,0.0017,0.107143,False,0.0948,0.009,0.000242,True,0.0108,0.0001,0.675381,False,0.0058,0.0,0.863548,False,-0.0462,0.0021,0.061534,False,0.1072,0.0115,0.000424,False,0.0283,0.0,True,0.0001,0.938286,False,0.0255,0.0,True,0.0019,0.854983,False
latent_228,-0.0169,0.0003,0.426923,False,0.0136,0.0002,0.52067,False,-0.0558,0.0031,0.008574,False,0.1961,0.0385,0.0,True,0.0059,0.0,0.820103,False,-0.029,0.0008,0.262059,False,-0.024,0.0006,0.353237,False,-0.1123,0.0126,0.000806,False,-0.0406,0.0017,0.100039,False,0.0309,0.001,0.310126,False,0.0002,0.50979,False,0.0093,3.2e-05,True,0.0412,0.0,True,0.0034,0.307187,False
latent_229,0.0361,0.0013,0.089313,False,-0.1189,0.0141,0.0,True,0.0462,0.0021,0.029516,False,0.3068,0.0941,0.0,True,-0.0846,0.0072,0.001051,False,-0.0229,0.0005,0.375783,False,-0.015,0.0002,0.561331,False,-0.0101,0.0001,0.76277,False,0.0556,0.0031,0.024348,False,-0.1305,0.017,1.7e-05,True,0.0029,0.011231,False,0.0032,0.028217,False,0.0346,0.0,True,0.0053,0.010361,False
latent_230,0.0538,0.0029,0.011236,False,-0.0645,0.0042,0.002351,False,0.083,0.0069,9e-05,True,0.1363,0.0186,0.0,True,-0.0818,0.0067,0.001534,False,-0.1012,0.0103,8.8e-05,True,-0.0653,0.0043,0.011567,False,-0.1279,0.0164,0.000134,True,0.0721,0.0052,0.003493,False,-0.0989,0.0098,0.001154,False,0.0079,2.7e-05,True,0.001,0.319197,False,0.0367,0.0,True,0.0079,0.001451,False
latent_231,0.292,0.0853,0.0,True,-0.2285,0.0522,0.0,True,0.1131,0.0128,0.0,True,-0.2427,0.0589,0.0,True,0.1259,0.0159,1e-06,True,0.1191,0.0142,4e-06,True,0.0228,0.0005,0.378913,False,0.1514,0.0229,6e-06,True,-0.1297,0.0168,0.0,True,0.1215,0.0148,6.3e-05,True,0.0151,0.0,True,0.0019,0.125999,False,0.1158,0.0,True,0.0148,2e-05,True
latent_232,-0.0058,0.0,0.784969,False,0.2216,0.0491,0.0,True,-0.0742,0.0055,0.000464,False,0.0572,0.0033,0.007001,False,-0.0285,0.0008,0.270055,False,-0.1056,0.0111,4.3e-05,True,-0.0316,0.001,0.221475,False,-0.0407,0.0017,0.226465,False,0.0418,0.0017,0.090511,False,0.0141,0.0002,0.643048,False,0.0089,8e-06,True,0.0007,0.443601,False,0.0358,0.0,True,0.0178,5.3e-05,True
latent_233,-0.1984,0.0394,0.0,True,0.0331,0.0011,0.119192,False,-0.0395,0.0016,0.062759,False,0.0042,0.0,0.842493,False,-0.0183,0.0003,0.480138,False,-0.0949,0.009,0.000238,True,-0.076,0.0058,0.003306,False,-0.0451,0.002,0.179668,False,0.0539,0.0029,0.029027,False,-0.0461,0.0021,0.130696,False,0.0076,4.2e-05,True,0.0011,0.312074,False,0.0254,0.0,True,0.0063,0.012568,False
latent_234,0.0544,0.003,0.010342,False,0.1047,0.011,1e-06,True,0.0681,0.0046,0.001321,False,-0.0296,0.0009,0.162592,False,0.0152,0.0002,0.556083,False,0.0377,0.0014,0.145308,False,0.0218,0.0005,0.39903,False,0.0009,0.0,0.977558,False,-0.0008,0.0,0.975176,False,0.0494,0.0024,0.10485,False,0.0051,0.000767,False,0.0001,0.936699,False,0.0347,0.0,True,0.0038,0.126812,False
latent_235,0.155,0.024,0.0,True,0.0175,0.0003,0.410077,False,0.0125,0.0002,0.557543,False,-0.1126,0.0127,0.0,True,0.1209,0.0146,3e-06,True,0.136,0.0185,0.0,True,0.0861,0.0074,0.000859,False,0.1542,0.0238,4e-06,True,-0.119,0.0142,1e-06,True,0.0524,0.0027,0.085542,False,0.0036,0.004736,False,0.0006,0.495176,False,0.0695,0.0,True,0.0221,1.9e-05,True
latent_236,0.1099,0.0121,0.0,True,-0.0401,0.0016,0.058591,False,0.0476,0.0023,0.024768,False,0.0277,0.0008,0.191811,False,0.1284,0.0165,1e-06,True,0.1067,0.0114,3.5e-05,True,0.156,0.0243,0.0,True,0.0513,0.0026,0.126654,False,-0.087,0.0076,0.000422,False,0.1151,0.0133,0.000152,True,0.0056,0.000422,False,0.0001,0.874758,False,0.0354,0.0,True,0.0153,1e-06,True
latent_237,0.1736,0.0301,0.0,True,-0.1496,0.0224,0.0,True,0.0272,0.0007,0.200078,False,-0.0602,0.0036,0.004518,False,0.0018,0.0,0.94567,False,0.022,0.0005,0.394726,False,0.0361,0.0013,0.163462,False,0.0871,0.0076,0.009461,False,-0.0579,0.0034,0.019052,False,0.028,0.0008,0.359232,False,0.0104,2e-06,True,0.0013,0.226615,False,0.0392,0.0,True,0.0108,0.000102,True
latent_238,0.1155,0.0133,0.0,True,-0.1647,0.0271,0.0,True,0.022,0.0005,0.299118,False,-0.0547,0.003,0.009916,False,0.0724,0.0052,0.005056,False,0.0205,0.0004,0.429143,False,0.0515,0.0026,0.046711,False,0.0383,0.0015,0.254082,False,-0.06,0.0036,0.015034,False,0.0589,0.0035,0.053039,False,0.0001,0.708659,False,0.0005,0.569033,False,0.0521,0.0,True,0.0048,0.653493,False
latent_239,0.0384,0.0015,0.070506,False,-0.096,0.0092,6e-06,True,-0.0464,0.0021,0.028903,False,-0.0093,0.0001,0.661462,False,0.0081,0.0001,0.754043,False,0.0071,0.0001,0.782601,False,0.015,0.0002,0.561556,False,0.0523,0.0027,0.119519,False,-0.0521,0.0027,0.034877,False,0.0064,0.0,0.833588,False,0.0002,0.489368,False,0.0011,0.286325,False,0.0561,0.0,True,0.0049,0.040768,False
latent_242,-0.0859,0.0074,5.1e-05,True,0.0716,0.0051,0.000735,False,-0.0634,0.004,0.002788,False,0.0174,0.0003,0.413459,False,0.0674,0.0045,0.009149,False,0.0024,0.0,0.926349,False,-0.0364,0.0013,0.159756,False,0.0652,0.0043,0.052079,False,0.0773,0.006,0.001728,False,0.0076,0.0001,0.802619,False,0.0071,6.8e-05,True,0.0001,0.928882,False,0.0249,1e-06,True,0.0047,0.286596,False
latent_244,-0.1325,0.0176,0.0,True,0.1713,0.0293,0.0,True,-0.0793,0.0063,0.000183,True,0.137,0.0188,0.0,True,-0.1221,0.0149,2e-06,True,-0.135,0.0182,0.0,True,-0.0604,0.0037,0.01951,False,-0.1273,0.0162,0.000144,True,0.1319,0.0174,0.0,True,-0.1642,0.027,0.0,True,0.002,0.035869,False,0.002,0.108107,False,0.0673,0.0,True,0.0144,4.2e-05,True
latent_245,-0.1255,0.0157,0.0,True,-0.0357,0.0013,0.093019,False,0.0044,0.0,0.836131,False,0.0125,0.0002,0.556912,False,-0.0905,0.0082,0.000455,False,-0.0965,0.0093,0.000185,True,-0.0387,0.0015,0.134788,False,-0.019,0.0004,0.572441,False,0.0869,0.0076,0.000427,False,-0.0543,0.0029,0.074781,False,0.0011,0.12321,False,0.0027,0.051673,False,0.0218,1e-05,True,0.0105,0.000185,True
latent_246,0.0268,0.0007,0.206248,False,-0.1753,0.0307,0.0,True,0.0332,0.0011,0.117321,False,0.0128,0.0002,0.546655,False,0.0291,0.0008,0.26096,False,0.021,0.0004,0.417521,False,0.01,0.0001,0.700766,False,-0.0031,0.0,0.92649,False,0.0354,0.0013,0.151518,False,-0.0249,0.0006,0.413183,False,0.0033,0.007,False,0.0007,0.462291,False,0.0507,0.0,True,0.0026,0.250582,False
latent_247,0.1015,0.0103,2e-06,True,-0.0227,0.0005,0.28459,False,0.0501,0.0025,0.018213,False,-0.0671,0.0045,0.001554,False,-0.0308,0.0009,0.234395,False,0.0104,0.0001,0.687847,False,0.0403,0.0016,0.119045,False,0.0453,0.0021,0.177302,False,-0.0578,0.0033,0.019143,False,0.0097,0.0001,0.750379,False,0.0003,0.410682,False,0.0001,0.913488,False,0.0318,0.0,True,0.0062,0.006127,False
latent_248,-0.1337,0.0179,0.0,True,-0.002,0.0,0.92388,False,-0.028,0.0008,0.18703,False,0.0843,0.0071,6.9e-05,True,-0.0054,0.0,0.834419,False,-0.0318,0.001,0.219364,False,-0.0175,0.0003,0.499365,False,-0.0378,0.0014,0.260893,False,0.1221,0.0149,1e-06,True,-0.0269,0.0007,0.377145,False,0.0119,0.0,True,0.0009,0.377661,False,0.0522,0.0,True,0.004,0.100751,False
latent_249,0.1395,0.0195,0.0,True,-0.0363,0.0013,0.087472,False,-0.1469,0.0216,0.0,True,-0.2077,0.0432,0.0,True,0.1247,0.0155,1e-06,True,0.1113,0.0124,1.6e-05,True,0.0683,0.0047,0.008293,False,0.192,0.0369,0.0,True,-0.0351,0.0012,0.155419,False,0.1357,0.0184,8e-06,True,0.0022,0.028045,False,0.003,0.037619,False,0.042,0.0,True,0.0223,0.0,True
latent_250,-0.0853,0.0073,5.7e-05,True,0.301,0.0906,0.0,True,-0.1791,0.0321,0.0,True,0.0515,0.0027,0.015177,False,-0.1039,0.0108,5.7e-05,True,-0.1362,0.0186,0.0,True,-0.0775,0.006,0.00273,False,-0.0902,0.0081,0.007189,False,0.0238,0.0006,0.335963,False,-0.0999,0.01,0.001016,False,0.0062,0.000196,True,0.0006,0.490347,False,0.0652,0.0,True,0.0112,0.000113,True
latent_251,0.0634,0.004,0.002821,False,-0.0613,0.0038,0.003863,False,-0.0368,0.0014,0.082993,False,-0.1243,0.0155,0.0,True,-0.005,0.0,0.848076,False,-0.008,0.0001,0.757834,False,0.0025,0.0,0.924272,False,-0.0678,0.0046,0.04338,False,-0.0145,0.0002,0.556481,False,-0.0699,0.0049,0.021698,False,0.0018,0.045143,False,0.0055,0.002256,False,0.0934,0.0,True,0.0055,0.056146,False
latent_252,0.0733,0.0054,0.000545,False,0.0451,0.002,0.033576,False,0.0089,0.0001,0.675896,False,-0.0705,0.005,0.000891,False,-0.0453,0.0021,0.079651,False,-0.0612,0.0037,0.017919,False,0.0187,0.0004,0.469119,False,0.026,0.0007,0.44005,False,-0.0074,0.0001,0.76398,False,-0.0066,0.0,0.829859,False,0.0017,0.049419,False,0.0023,0.076339,False,0.0107,0.048388,False,0.0019,0.600284,False
latent_254,-0.1177,0.0138,0.0,True,0.0735,0.0054,0.000527,False,0.0171,0.0003,0.420481,False,0.091,0.0083,1.7e-05,True,-0.0233,0.0005,0.368462,False,-0.1148,0.0132,9e-06,True,-0.0337,0.0011,0.193456,False,-0.1072,0.0115,0.001389,False,0.0732,0.0054,0.003009,False,-0.087,0.0076,0.00425,False,0.0316,0.0,True,0.0006,0.540677,False,0.0245,1e-06,True,0.002,0.33387,False
